sample_id,source_paper,district_region,ward_location,site_name,source_type,latitude,longitude,fluoride_mg_L,pH,EC_uS_cm,TDS_ppm,above_WHO_limit_1_5,above_TZ_limit_4_0,notes,sample_collection_date,year,season,total_season_rain,soil_source_latitude,soil_source_longitude,soil_ph,soil_calcium_extractable,soil_magnesium_extractable,soil_carbon_organic,soil_iron_extractable,soil_match_distance_km,glim_id,lithology_detail,lithology_code,lithology_class,lithology_match_method,lithology_match_distance_km
CB23-01,"Chondo & Banyikwa 2023 (Data in Brief, DOI: 10.1016/j.dib.2023.109239)",Dodoma,DODOMA-NORTH-SOUTH,KIKILO,Groundwater/borehole,-4.54425,35.698017,0.02,8.27,145.0,83.4,NO,NO,Nitrate: 16.3 ppm,2021 - 2022,2022,long_dry,8.983363792,-4.44734,35.58254,6.675,635.742,239.435,3.08,95.33,16.732752944062057,AFR7274,mt____,mt,metamorphic_rocks,within_polygon,0.0
CB23-02,"Chondo & Banyikwa 2023 (Data in Brief, DOI: 10.1016/j.dib.2023.109239)",Dodoma,DODOMA-NORTH-SOUTH,KOLOWASI,Groundwater/borehole,-4.7367,35.8275,1.04,7.83,897.0,434.0,NO,NO,Nitrate: 21.8 ppm,2021 - 2022,2022,long_dry,9.194503918,-4.73381,35.83211,6.49,1622.835,445.134,7.26,133.015,0.6035278428318783,AFR7274,mt____,mt,metamorphic_rocks,within_polygon,0.0
CB23-03,"Chondo & Banyikwa 2023 (Data in Brief, DOI: 10.1016/j.dib.2023.109239)",Dodoma,DODOMA-NORTH-SOUTH,BICHA,Groundwater/borehole,-4.91865,35.805867,0.77,8.15,1085.0,530.0,NO,NO,Nitrate: 9.8 ppm,2021 - 2022,2022,long_dry,8.906698413,-4.94836,35.81647,7.095,2290.262,629.906,5.97,100.36,3.5062195024369434,AFR7274,mt____,mt,metamorphic_rocks,within_polygon,0.0
CB23-04,"Chondo & Banyikwa 2023 (Data in Brief, DOI: 10.1016/j.dib.2023.109239)",Dodoma,DODOMA-NORTH-SOUTH,CHEMBA,Groundwater/borehole,-5.2335,35.891483,1.1,7.57,488.0,36.0,NO,NO,Nitrate: 47.0 ppm,2021 - 2022,2022,long_dry,14.47844601,-5.23525,35.89169,5.881,650.844,152.177,5.17,90.253,0.19593672344449842,AFR7274,mt____,mt,metamorphic_rocks,within_polygon,0.0
CB23-05,"Chondo & Banyikwa 2023 (Data in Brief, DOI: 10.1016/j.dib.2023.109239)",Dodoma,DODOMA-NORTH-SOUTH,CHENENE,Groundwater/borehole,-5.570383,35.844567,0.88,8.2,914.0,464.0,NO,NO,Nitrate: 12.7 ppm,2021 - 2022,2022,long_dry,15.75067792,-5.24606,35.89822,5.353,348.645,102.125,4.8,110.865,36.54894045648882,AFR7274,mt____,mt,metamorphic_rocks,within_polygon,0.0
CB23-06,"Chondo & Banyikwa 2023 (Data in Brief, DOI: 10.1016/j.dib.2023.109239)",Dodoma,DODOMA-NORTH-SOUTH,MAYAMAYA,Groundwater/borehole,-5.792633,35.801617,2.01,8.28,967.0,546.0,YES,NO,Nitrate: 8.3 ppm,2021 - 2022,2022,long_dry,5.705522911,-6.03314,36.07566,5.92,676.786,374.908,4.72,81.838,40.42152783393962,AFR7274,mt____,mt,metamorphic_rocks,within_polygon,0.0
CB23-07,"Chondo & Banyikwa 2023 (Data in Brief, DOI: 10.1016/j.dib.2023.109239)",Dodoma,DODOMA-NORTH-SOUTH,ZANKA,Groundwater/borehole,-5.84645,35.761967,1.29,8.18,1074.0,553.0,NO,NO,Nitrate: 18.7 ppm,2021 - 2022,2022,long_dry,1.510715805,-6.03314,36.07566,5.92,676.786,374.908,4.72,81.838,40.43016732049954,AFR7274,mt____,mt,metamorphic_rocks,within_polygon,0.0
CB23-08,"Chondo & Banyikwa 2023 (Data in Brief, DOI: 10.1016/j.dib.2023.109239)",Dodoma,DODOMA-NORTH-SOUTH,WEYULA,Groundwater/borehole,-6.026067,35.7547,1.22,7.83,2891.0,1493.0,NO,NO,Nitrate: 22.3 ppm,2021 - 2022,2022,long_dry,0.068556556,-6.03314,36.07566,5.92,676.786,374.908,4.72,81.838,35.50044417341832,AFR7274,mt____,mt,metamorphic_rocks,within_polygon,0.0
CB23-09,"Chondo & Banyikwa 2023 (Data in Brief, DOI: 10.1016/j.dib.2023.109239)",Dodoma,DODOMA-NORTH-SOUTH,KISASA,Groundwater/borehole,-6.1695,35.786883,0.98,8.1,1008.0,529.0,NO,NO,Nitrate: 28.4 ppm,2021 - 2022,2022,long_dry,0.122097176,-6.3788,35.67198,6.396,895.54,205.265,5.56,100.242,26.51285491759182,AFR7274,mt____,mt,metamorphic_rocks,within_polygon,0.0
CB23-10,"Chondo & Banyikwa 2023 (Data in Brief, DOI: 10.1016/j.dib.2023.109239)",Dodoma,DODOMA-NORTH-SOUTH,UGUZI,Groundwater/borehole,-6.136217,36.04055,0.99,8.24,1308.0,670.0,NO,NO,Nitrate: 123.0 ppm,2021 - 2022,2022,long_dry,0.164791495,-6.10974,36.09518,7.728,6147.87,1753.535,10.52,72.764,6.719269960496546,AFR7274,mt____,mt,metamorphic_rocks,within_polygon,0.0
CB23-11,"Chondo & Banyikwa 2023 (Data in Brief, DOI: 10.1016/j.dib.2023.109239)",Dodoma,DODOMA-NORTH-SOUTH,KALEMSO,Groundwater/borehole,-6.498217,35.83785,1.06,7.76,1715.0,877.0,NO,NO,Nitrate: 26.3 ppm,2021 - 2022,2022,long_dry,0.080135351,-6.46555,35.70069,5.292,506.189,212.196,6.08,87.469,15.58328648507132,AFR7274,mt____,mt,metamorphic_rocks,within_polygon,0.0
CB23-12,"Chondo & Banyikwa 2023 (Data in Brief, DOI: 10.1016/j.dib.2023.109239)",Dodoma,DODOMA-NORTH-SOUTH,MANZASE,Groundwater/borehole,-6.607633,35.930283,0.9,7.68,3999.0,2110.0,NO,NO,Nitrate: 194.8 ppm,2021 - 2022,2022,long_dry,3.543186918,-6.46555,35.70069,5.292,506.189,212.196,6.08,87.469,29.881779652065386,AFR7274,mt____,mt,metamorphic_rocks,within_polygon,0.0
CB23-13,"Chondo & Banyikwa 2023 (Data in Brief, DOI: 10.1016/j.dib.2023.109239)",Dodoma,DODOMA-NORTH-SOUTH,CHIPOBORO,Groundwater/borehole,-6.8617,36.040033,1.79,8.35,2483.0,1260.0,YES,NO,Nitrate: 35.5 ppm,2021 - 2022,2022,long_dry,0.080301101,-6.85463,36.09021,7.47,2260.583,523.548,9.31,79.171,5.595019286104768,AFR7274,mt____,mt,metamorphic_rocks,within_polygon,0.0
CB23-14,"Chondo & Banyikwa 2023 (Data in Brief, DOI: 10.1016/j.dib.2023.109239)",Dodoma,DODOMA-NORTH-SOUTH,MAKUTAPORA,Groundwater/borehole,-7.140183,35.895467,1.15,8.15,3213.0,1610.0,NO,NO,Nitrate: 21.5 ppm,2021 - 2022,2022,long_dry,0.636852053,-7.09588,36.00778,7.433,3052.384,581.762,9.05,87.705,13.335660161325453,AFR7274,mt____,mt,metamorphic_rocks,within_polygon,0.0
CB23-15,"Chondo & Banyikwa 2023 (Data in Brief, DOI: 10.1016/j.dib.2023.109239)",Dodoma,DODOMA-EAST-WEST,UKWAMANI,Groundwater/borehole,-6.137867,36.850883,0.28,8.31,160.0,83.6,NO,NO,Nitrate: 17.1 ppm,2021 - 2022,2022,long_dry,24.45140695,-6.15761,36.78713,6.083,558.948,210.089,8.42,72.464,7.382228464530151,AFR7274,mt____,mt,metamorphic_rocks,within_polygon,0.0
CB23-16,"Chondo & Banyikwa 2023 (Data in Brief, DOI: 10.1016/j.dib.2023.109239)",Dodoma,DODOMA-EAST-WEST,AZIMIO,Groundwater/borehole,-6.08265,36.580233,1.98,8.09,1800.0,996.0,YES,NO,Nitrate: 13.1 ppm,2021 - 2022,2022,long_dry,11.01318677,-6.0243,36.56855,5.637,563.828,246.846,5.48,70.567,6.6155905521417,AFR7274,mt____,mt,metamorphic_rocks,within_polygon,0.0
CB23-17,"Chondo & Banyikwa 2023 (Data in Brief, DOI: 10.1016/j.dib.2023.109239)",Dodoma,DODOMA-EAST-WEST,MBANDE,Groundwater/borehole,-6.103867,36.32095,0.25,7.95,4012.0,2530.0,NO,NO,Nitrate: 295.8 ppm,2021 - 2022,2022,long_dry,0.644720567,-6.07247,36.28595,6.468,797.842,352.329,5.78,86.593,5.21194509342929,AFR7274,mt____,mt,metamorphic_rocks,within_polygon,0.0
CB23-18,"Chondo & Banyikwa 2023 (Data in Brief, DOI: 10.1016/j.dib.2023.109239)",Dodoma,DODOMA-EAST-WEST,UGUZI,Groundwater/borehole,-6.136217,36.04055,0.99,8.24,1308.0,670.0,NO,NO,Nitrate: 123.0 ppm,2021 - 2022,2022,long_dry,0.164791495,-6.10974,36.09518,7.728,6147.87,1753.535,10.52,72.764,6.719269960496546,AFR7274,mt____,mt,metamorphic_rocks,within_polygon,0.0
CB23-19,"Chondo & Banyikwa 2023 (Data in Brief, DOI: 10.1016/j.dib.2023.109239)",Dodoma,DODOMA-EAST-WEST,KISASA,Groundwater/borehole,-6.1695,35.786883,0.98,8.1,1008.0,529.0,NO,NO,Nitrate: 28.4 ppm,2021 - 2022,2022,long_dry,0.122097176,-6.3788,35.67198,6.396,895.54,205.265,5.56,100.242,26.51285491759182,AFR7274,mt____,mt,metamorphic_rocks,within_polygon,0.0
CB23-20,"Chondo & Banyikwa 2023 (Data in Brief, DOI: 10.1016/j.dib.2023.109239)",Dodoma,DODOMA-EAST-WEST,NALA,Groundwater/borehole,-6.08925,35.61405,1.34,8.12,1063.0,547.0,NO,NO,Nitrate: 44.5 ppm,2021 - 2022,2022,long_dry,0.071075343,-6.3788,35.67198,6.396,895.54,205.265,5.56,100.242,32.82713588373425,AFR7274,mt____,mt,metamorphic_rocks,within_polygon,0.0
CB23-21,"Chondo & Banyikwa 2023 (Data in Brief, DOI: 10.1016/j.dib.2023.109239)",Dodoma,DODOMA-EAST-WEST,MPAMANTWA,Groundwater/borehole,-5.992833,35.3765,0.58,7.63,395.0,210.0,NO,NO,Nitrate: 27.9 ppm,2021 - 2022,2022,long_dry,0.028742376,-6.21038,35.1247,6.928,968.723,222.557,5.05,88.448,36.88150392128164,AFR7274,mt____,mt,metamorphic_rocks,within_polygon,0.0
CB23-22,"Chondo & Banyikwa 2023 (Data in Brief, DOI: 10.1016/j.dib.2023.109239)",Dodoma,DODOMA-EAST-WEST,BAHI,Groundwater/borehole,-5.9515,35.309833,1.18,7.53,338.0,185.0,NO,NO,Nitrate: 14.5 ppm,2021 - 2022,2022,long_dry,0.020623698,-6.20035,35.11544,7.522,1029.522,270.78,8.91,89.75,35.03819217813018,AFR9465,suad__,su,unconsolidated_sediments,within_polygon,0.0
CB23-23,"Chondo & Banyikwa 2023 (Data in Brief, DOI: 10.1016/j.dib.2023.109239)",Singida,SINGIDA-NORTH-SOUTH,SHELUI,Groundwater/borehole,-4.359367,34.20115,1.07,7.74,1043.0,563.0,NO,NO,Nitrate: 2.5 ppm,2021 - 2022,2022,long_dry,0.689194072,-4.35926,34.20788,7.892,2360.506,404.502,6.76,98.747,0.7462727693554292,AFR9225,suad__,su,unconsolidated_sediments,within_polygon,0.0
CB23-24,"Chondo & Banyikwa 2023 (Data in Brief, DOI: 10.1016/j.dib.2023.109239)",Singida,SINGIDA-NORTH-SOUTH,YALAGANO,Groundwater/borehole,-4.4081,34.397817,1.74,7.73,1678.0,755.0,YES,NO,Nitrate: 9.7 ppm,2021 - 2022,2022,long_dry,7.694746591,-4.4118,34.39478,5.699,439.692,168.379,3.52,79.865,0.5316338617526738,AFR7274,mt____,mt,metamorphic_rocks,within_polygon,0.0
CB23-25,"Chondo & Banyikwa 2023 (Data in Brief, DOI: 10.1016/j.dib.2023.109239)",Singida,SINGIDA-NORTH-SOUTH,KYEGENGE,Groundwater/borehole,-4.427283,34.4732,0.38,6.97,160.0,93.1,NO,NO,Nitrate: 0.7 ppm,2021 - 2022,2022,long_dry,8.589646086,-4.4118,34.39478,5.699,439.692,168.379,3.52,79.865,8.862814399581934,AFR7274,mt____,mt,metamorphic_rocks,within_polygon,0.0
CB23-26,"Chondo & Banyikwa 2023 (Data in Brief, DOI: 10.1016/j.dib.2023.109239)",Singida,SINGIDA-NORTH-SOUTH,TUMULI,Groundwater/borehole,-5.0753,32.694317,2.39,7.78,996.0,528.0,YES,NO,Nitrate: 40.5 ppm,2021 - 2022,2022,long_dry,10.57762268,-4.24446,32.66442,6.494,1468.833,375.631,5.28,129.343,92.44471823810714,AFR7274,mt____,mt,metamorphic_rocks,within_polygon,0.0
CB23-27,"Chondo & Banyikwa 2023 (Data in Brief, DOI: 10.1016/j.dib.2023.109239)",Singida,SINGIDA-NORTH-SOUTH,MILADE,Groundwater/borehole,-4.601567,34.587883,1.66,8.08,1300.0,637.0,YES,NO,Nitrate: 2.0 ppm,2021 - 2022,2022,long_dry,6.956260204,-4.62558,34.6795,5.988,707.699,255.238,8.04,99.511,10.499544053470709,AFR9354,suad__,su,unconsolidated_sediments,within_polygon,0.0
CB23-28,"Chondo & Banyikwa 2023 (Data in Brief, DOI: 10.1016/j.dib.2023.109239)",Singida,SINGIDA-NORTH-SOUTH,MSINKO,Groundwater/borehole,-4.642267,34.6611,1.9,7.64,698.0,177.0,YES,NO,Nitrate: 10.0 ppm,2021 - 2022,2022,long_dry,6.214540651,-4.62558,34.6795,5.988,707.699,255.238,8.04,99.511,2.7571138605612346,AFR7274,mt____,mt,metamorphic_rocks,within_polygon,0.0
CB23-29,"Chondo & Banyikwa 2023 (Data in Brief, DOI: 10.1016/j.dib.2023.109239)",Singida,SINGIDA-NORTH-SOUTH,SAGARA,Groundwater/borehole,-4.687333,35.105183,0.16,7.65,48.0,31.2,NO,NO,Nitrate: 1.8 ppm,2021 - 2022,2022,long_dry,7.014407177,-4.63786,35.02993,8.5925,10502.8,1970.783,14.89,67.699,9.990970327606426,AFR9346,ssmx__,ss,siliciclastic_sedimentary_rocks,within_polygon,0.0
CB23-30,"Chondo & Banyikwa 2023 (Data in Brief, DOI: 10.1016/j.dib.2023.109239)",Singida,SINGIDA-NORTH-SOUTH,ITAJA,Groundwater/borehole,-4.711033,35.068133,2.28,8.22,1229.0,743.0,YES,NO,Nitrate: 20.0 ppm,2021 - 2022,2022,long_dry,7.3038808,-4.64857,35.02279,7.128,1784.8605,507.8685,8.97,84.1955,8.572793250042052,AFR7274,mt____,mt,metamorphic_rocks,within_polygon,0.0
CB23-31,"Chondo & Banyikwa 2023 (Data in Brief, DOI: 10.1016/j.dib.2023.109239)",Singida,SINGIDA-NORTH-SOUTH,MSIKII,Groundwater/borehole,-4.8095,34.9292,0.22,6.84,36.1,18.1,NO,NO,Nitrate: 11.7 ppm,2021 - 2022,2022,long_dry,9.41876407,-4.83992,34.92156,5.809,457.394,132.5265,4.43,91.8005,3.4868711462803303,AFR7274,mt____,mt,metamorphic_rocks,within_polygon,0.0
CB23-32,"Chondo & Banyikwa 2023 (Data in Brief, DOI: 10.1016/j.dib.2023.109239)",Singida,SINGIDA-NORTH-SOUTH,MGHAMO,Groundwater/borehole,-4.8315,34.903017,0.39,6.5,258.0,127.0,NO,NO,Nitrate: 43.7 ppm,2021 - 2022,2022,long_dry,9.41876407,-4.83992,34.92156,5.809,457.394,132.5265,4.43,91.8005,2.257823692700505,AFR7274,mt____,mt,metamorphic_rocks,within_polygon,0.0
CB23-33,"Chondo & Banyikwa 2023 (Data in Brief, DOI: 10.1016/j.dib.2023.109239)",Singida,SINGIDA-NORTH-SOUTH,KISASIDA,Groundwater/borehole,-4.82925,34.8185,0.19,7.31,257.0,160.0,NO,NO,Nitrate: 7.31 ppm,2021 - 2022,2022,long_dry,2.380850665,-4.82634,34.76569,5.133,149.619,126.308,3.74,78.456,5.860318444741847,AFR7274,mt____,mt,metamorphic_rocks,within_polygon,0.0
CB23-34,"Chondo & Banyikwa 2023 (Data in Brief, DOI: 10.1016/j.dib.2023.109239)",Singida,SINGIDA-NORTH-SOUTH,KITITIMO,Groundwater/borehole,-4.825817,34.776233,0.2,6.68,452.0,226.0,NO,NO,Nitrate: 22.3 ppm,2021 - 2022,2022,long_dry,1.351866346,-4.82634,34.76569,5.133,149.619,126.308,3.74,78.456,1.169620100949438,AFR7274,mt____,mt,metamorphic_rocks,within_polygon,0.0
CB23-35,"Chondo & Banyikwa 2023 (Data in Brief, DOI: 10.1016/j.dib.2023.109239)",Singida,SINGIDA-NORTH-SOUTH,MAHEMBE,Groundwater/borehole,-4.832333,34.752233,0.39,8.01,384.0,193.0,NO,NO,Nitrate: 13.6 ppm,2021 - 2022,2022,long_dry,1.351866346,-4.8258,34.74135,6.376,655.737,192.442,4.99,98.682,1.4077508610071503,AFR7274,mt____,mt,metamorphic_rocks,within_polygon,0.0
CB23-36,"Chondo & Banyikwa 2023 (Data in Brief, DOI: 10.1016/j.dib.2023.109239)",Singida,SINGIDA-NORTH-SOUTH,IGITUKA,Groundwater/borehole,-5.1127,34.767033,0.0,7.68,189.0,107.0,NO,NO,Nitrate: 20.2 ppm,2021 - 2022,2022,long_dry,0.613183891,-5.1119,34.67871,6.126,899.759,436.672,6.78,95.218,9.782418860586763,AFR7274,mt____,mt,metamorphic_rocks,within_polygon,0.0
CB23-37,"Chondo & Banyikwa 2023 (Data in Brief, DOI: 10.1016/j.dib.2023.109239)",Singida,SINGIDA-NORTH-SOUTH,MAYUTA,Groundwater/borehole,-5.341267,34.772667,2.45,7.58,1303.0,693.0,YES,NO,Nitrate: 3.8 ppm,2021 - 2022,2022,long_dry,3.056677854,-5.33614,34.76546,7.956,6095.038,813.071,8.15,58.496,0.980645572137484,AFR7274,mt____,mt,metamorphic_rocks,within_polygon,0.0
CB23-38,"Chondo & Banyikwa 2023 (Data in Brief, DOI: 10.1016/j.dib.2023.109239)",Singida,SINGIDA-NORTH-SOUTH,AGONDI,Groundwater/borehole,-5.722117,34.698133,2.59,8.43,375.0,150.0,YES,NO,Nitrate: 47.0 ppm,2021 - 2022,2022,long_dry,1.796059863,-5.76454,34.66577,4.736,361.954,127.448,6.07,96.767,5.922206422367692,AFR9437,ssmx__,ss,siliciclastic_sedimentary_rocks,within_polygon,0.0
CB23-39,"Chondo & Banyikwa 2023 (Data in Brief, DOI: 10.1016/j.dib.2023.109239)",Singida,SINGIDA-EAST-WEST,MAWENI,Groundwater/borehole,-5.879733,35.1252,0.37,8.11,335.0,183.0,NO,NO,Nitrate: 29.8 ppm,2021 - 2022,2022,long_dry,0.011265388,-5.71244,35.0321,5.5525,628.0815,148.3485,7.585,65.908,21.263032967608122,AFR9465,suad__,su,unconsolidated_sediments,within_polygon,0.0
CB23-40,"Chondo & Banyikwa 2023 (Data in Brief, DOI: 10.1016/j.dib.2023.109239)",Singida,SINGIDA-EAST-WEST,SOLYA,Groundwater/borehole,-5.82885,34.966967,1.87,8.18,1064.0,539.0,YES,NO,Nitrate: 17.6 ppm,2021 - 2022,2022,long_dry,0.307970369,-5.71929,34.98084,4.753,553.045,105.518,6.4,110.9,12.278830041212954,AFR7274,mt____,mt,metamorphic_rocks,within_polygon,0.0
CB23-41,"Chondo & Banyikwa 2023 (Data in Brief, DOI: 10.1016/j.dib.2023.109239)",Singida,SINGIDA-EAST-WEST,TAMBUKARELI,Groundwater/borehole,-5.755567,34.8416,1.77,7.85,774.0,407.0,YES,NO,Nitrate: 33.4 ppm,2021 - 2022,2022,long_dry,1.813819192,-5.73699,34.88727,5.248,207.261,95.853,3.66,74.279,5.458698654136834,AFR7274,mt____,mt,metamorphic_rocks,within_polygon,0.0
CB23-42,"Chondo & Banyikwa 2023 (Data in Brief, DOI: 10.1016/j.dib.2023.109239)",Singida,SINGIDA-EAST-WEST,AGONDI,Groundwater/borehole,-5.722117,34.698133,2.59,8.43,375.0,150.0,YES,NO,Nitrate: 47.0 ppm,2021 - 2022,2022,long_dry,1.796059863,-5.76454,34.66577,4.736,361.954,127.448,6.07,96.767,5.922206422367692,AFR9437,ssmx__,ss,siliciclastic_sedimentary_rocks,within_polygon,0.0
CB23-43,"Chondo & Banyikwa 2023 (Data in Brief, DOI: 10.1016/j.dib.2023.109239)",Singida,SINGIDA-EAST-WEST,PENTAGONI,Groundwater/borehole,-5.696733,34.494033,0.18,8.06,209.0,118.0,NO,NO,Nitrate: 15.4 ppm,2021 - 2022,2022,long_dry,6.61955045,-5.69326,34.49066,7.0615,3177.8365,647.976,14.26,160.374,0.5370483587808734,AFR9437,ssmx__,ss,siliciclastic_sedimentary_rocks,within_polygon,0.0
CB23-44,"Chondo & Banyikwa 2023 (Data in Brief, DOI: 10.1016/j.dib.2023.109239)",Singida,SINGIDA-EAST-WEST,KAZIKAZI,Groundwater/borehole,-5.591333,34.234017,0.21,7.84,447.0,225.0,NO,NO,Nitrate: 7.1 ppm,2021 - 2022,2022,long_dry,8.525287464,-5.69016,34.44081,5.648,182.935,149.928,8.03,85.826,25.38488233962556,AFR9437,ssmx__,ss,siliciclastic_sedimentary_rocks,within_polygon,0.0
CB23-45,"Chondo & Banyikwa 2023 (Data in Brief, DOI: 10.1016/j.dib.2023.109239)",Tabora,TABORA-NORTH-SOUTH,KITONGO,Groundwater/borehole,-4.212517,33.185417,0.64,7.56,661.0,21.9,NO,NO,Nitrate: 62.3 ppm,2021 - 2022,2022,long_dry,5.690931022,-3.90452,33.11149,6.395,564.373,138.568,3.72,91.103,35.21567046610178,AFR7274,mt____,mt,metamorphic_rocks,within_polygon,0.0
CB23-46,"Chondo & Banyikwa 2023 (Data in Brief, DOI: 10.1016/j.dib.2023.109239)",Tabora,TABORA-NORTH-SOUTH,UPUNGU,Groundwater/borehole,-4.7247,33.1646,0.5,7.78,234.0,134.5,NO,NO,Nitrate: 1.5 ppm,2021 - 2022,2022,long_dry,6.677893393,-4.2226,32.72971,7.61,2681.418,515.574,4.97,130.687,73.7653287024013,AFR7274,mt____,mt,metamorphic_rocks,within_polygon,0.0
CB23-47,"Chondo & Banyikwa 2023 (Data in Brief, DOI: 10.1016/j.dib.2023.109239)",Tabora,TABORA-NORTH-SOUTH,MAYOMBO,Groundwater/borehole,-4.961767,33.006767,0.01,7.22,187.0,110.0,NO,NO,Nitrate: 6.6 ppm,2021 - 2022,2022,long_dry,10.38272705,-4.2226,32.72971,7.61,2681.418,515.574,4.97,130.687,87.74097322753524,AFR7274,mt____,mt,metamorphic_rocks,within_polygon,0.0
CB23-48,"Chondo & Banyikwa 2023 (Data in Brief, DOI: 10.1016/j.dib.2023.109239)",Tabora,TABORA-NORTH-SOUTH,KIZIGO,Groundwater/borehole,-5.047633,32.8003,0.78,8.0,345.0,216.0,NO,NO,Nitrate: 2.4 ppm,2021 - 2022,2022,long_dry,10.38599956,-4.24446,32.66442,6.494,1468.833,375.631,5.28,129.343,90.56965891178294,AFR7274,mt____,mt,metamorphic_rocks,within_polygon,0.0
CB23-49,"Chondo & Banyikwa 2023 (Data in Brief, DOI: 10.1016/j.dib.2023.109239)",Tabora,TABORA-NORTH-SOUTH,KWIHARA,Groundwater/borehole,-5.0685,32.785283,0.25,7.55,142.0,95.7,NO,NO,Nitrate: 1.9 ppm,2021 - 2022,2022,long_dry,11.62921065,-4.24446,32.66442,6.494,1468.833,375.631,5.28,129.343,92.60309051686288,AFR7274,mt____,mt,metamorphic_rocks,within_polygon,0.0
CB23-50,"Chondo & Banyikwa 2023 (Data in Brief, DOI: 10.1016/j.dib.2023.109239)",Tabora,TABORA-NORTH-SOUTH,KASISI A,Groundwater/borehole,-5.245283,32.723533,0.04,6.8,74.0,45.6,NO,NO,Nitrate: 7.1 ppm,2021 - 2022,2022,long_dry,14.18339044,-4.24446,32.66442,6.494,1468.833,375.631,5.28,129.343,111.47921117897634,AFR7274,mt____,mt,metamorphic_rocks,within_polygon,0.0
CB23-51,"Chondo & Banyikwa 2023 (Data in Brief, DOI: 10.1016/j.dib.2023.109239)",Tabora,TABORA-NORTH-SOUTH,IBAYA,Groundwater/borehole,-5.317067,32.699567,0.14,7.76,169.0,100.0,NO,NO,Nitrate: 1.0 ppm,2021 - 2022,2022,long_dry,13.88592577,-4.28982,32.40226,5.437,808.662,302.041,9.24,97.524,118.8802639346723,AFR7274,mt____,mt,metamorphic_rocks,within_polygon,0.0
CB23-52,"Chondo & Banyikwa 2023 (Data in Brief, DOI: 10.1016/j.dib.2023.109239)",Tabora,TABORA-NORTH-SOUTH,UTAWAMBOGO,Groundwater/borehole,-5.4685,32.693767,0.01,7.5,50.0,38.4,NO,NO,Nitrate: 1.4 ppm,2021 - 2022,2022,long_dry,17.96166727,-4.28982,32.40226,5.437,808.662,302.041,9.24,97.524,134.98391600664763,AFR7274,mt____,mt,metamorphic_rocks,within_polygon,0.0
CB23-53,"Chondo & Banyikwa 2023 (Data in Brief, DOI: 10.1016/j.dib.2023.109239)",Tabora,TABORA-NORTH-SOUTH,MKOLYE,Groundwater/borehole,-5.551533,32.705533,0.42,7.39,244.0,140.0,NO,NO,Nitrate: 15.5 ppm,2021 - 2022,2022,long_dry,10.5181312,-4.28982,32.40226,5.437,808.662,302.041,9.24,97.524,144.26308130505396,AFR7274,mt____,mt,metamorphic_rocks,within_polygon,0.0
CB23-54,"Chondo & Banyikwa 2023 (Data in Brief, DOI: 10.1016/j.dib.2023.109239)",Tabora,TABORA-NORTH-SOUTH,CHABUTWA,Groundwater/borehole,-5.687933,32.751567,0.01,7.5,75.0,50.4,NO,NO,Nitrate: 1.5 ppm,2021 - 2022,2022,long_dry,11.9670229,-6.71505,32.06645,6.332,1002.211,165.498,7.61,81.351,137.0392745443152,AFR7274,mt____,mt,metamorphic_rocks,within_polygon,0.0
CB23-55,"Chondo & Banyikwa 2023 (Data in Brief, DOI: 10.1016/j.dib.2023.109239)",Tabora,TABORA-NORTH-SOUTH,IPOLE,Groundwater/borehole,-5.7915,32.732033,0.01,7.78,120.0,101.0,NO,NO,Nitrate: 7.8 ppm,2021 - 2022,2022,long_dry,11.08460879,-6.71505,32.06645,6.332,1002.211,165.498,7.61,81.351,126.32659303106257,AFR7274,mt____,mt,metamorphic_rocks,within_polygon,0.0
CB23-56,"Chondo & Banyikwa 2023 (Data in Brief, DOI: 10.1016/j.dib.2023.109239)",Tabora,TABORA-EAST-WEST,TURA,Groundwater/borehole,-5.49225,33.842583,0.23,7.3,110.0,72.2,NO,NO,Nitrate: 22.9 ppm,2021 - 2022,2022,long_dry,6.573714562,-5.89629,34.15087,6.7275,687.8195,131.1345,5.36,63.092,56.40924858289482,AFR7274,mt____,mt,metamorphic_rocks,within_polygon,0.0
CB23-57,"Chondo & Banyikwa 2023 (Data in Brief, DOI: 10.1016/j.dib.2023.109239)",Tabora,TABORA-EAST-WEST,UMOJA,Groundwater/borehole,-5.1267,33.129533,0.01,7.66,297.0,169.0,NO,NO,Nitrate: 21.4 ppm,2021 - 2022,2022,long_dry,13.65138169,-4.7371,33.99761,6.249,891.441,119.648,5.27,86.457,105.47562000898007,AFR7274,mt____,mt,metamorphic_rocks,within_polygon,0.0
CB23-58,"Chondo & Banyikwa 2023 (Data in Brief, DOI: 10.1016/j.dib.2023.109239)",Tabora,TABORA-EAST-WEST,INALA,Groundwater/borehole,-5.069733,32.930217,0.01,7.78,27.0,25.6,NO,NO,Nitrate: 14.9 ppm,2021 - 2022,2022,long_dry,10.97887444,-4.24446,32.66442,6.494,1468.833,375.631,5.28,129.343,96.37840280773047,AFR7274,mt____,mt,metamorphic_rocks,within_polygon,0.0
CB23-59,"Chondo & Banyikwa 2023 (Data in Brief, DOI: 10.1016/j.dib.2023.109239)",Tabora,TABORA-EAST-WEST,KIZIGO,Groundwater/borehole,-5.069733,32.930217,0.78,8.0,345.0,216.0,NO,NO,Nitrate: 2.4 ppm,2021 - 2022,2022,long_dry,10.97887444,-4.24446,32.66442,6.494,1468.833,375.631,5.28,129.343,96.37840280773047,AFR7274,mt____,mt,metamorphic_rocks,within_polygon,0.0
CB23-60,"Chondo & Banyikwa 2023 (Data in Brief, DOI: 10.1016/j.dib.2023.109239)",Tabora,TABORA-EAST-WEST,KWIHARA,Groundwater/borehole,-5.0685,32.785283,0.25,7.55,142.0,95.7,NO,NO,Nitrate: 1.9 ppm,2021 - 2022,2022,long_dry,11.62921065,-4.24446,32.66442,6.494,1468.833,375.631,5.28,129.343,92.60309051686288,AFR7274,mt____,mt,metamorphic_rocks,within_polygon,0.0
CB23-61,"Chondo & Banyikwa 2023 (Data in Brief, DOI: 10.1016/j.dib.2023.109239)",Tabora,TABORA-EAST-WEST,TUMBI,Groundwater/borehole,-5.0753,32.694317,0.01,6.9,131.0,87.5,NO,NO,Nitrate: 1.3 ppm,2021 - 2022,2022,long_dry,10.57762268,-4.24446,32.66442,6.494,1468.833,375.631,5.28,129.343,92.44471823810714,AFR7274,mt____,mt,metamorphic_rocks,within_polygon,0.0
CB23-62,"Chondo & Banyikwa 2023 (Data in Brief, DOI: 10.1016/j.dib.2023.109239)",Tabora,TABORA-EAST-WEST,MABAMA,Groundwater/borehole,-5.1212,32.522883,2.11,7.67,1818.0,935.0,YES,NO,Nitrate: 44.5 ppm,2021 - 2022,2022,long_dry,16.65789533,-4.28982,32.40226,5.437,808.662,302.041,9.24,97.524,93.4068086050609,AFR7274,mt____,mt,metamorphic_rocks,within_polygon,0.0
CB23-63,"Chondo & Banyikwa 2023 (Data in Brief, DOI: 10.1016/j.dib.2023.109239)",Tabora,TABORA-EAST-WEST,MAPINDUZI,Groundwater/borehole,-5.0883,32.317033,0.05,7.08,120.0,70.9,NO,NO,Nitrate: 39.5 ppm,2021 - 2022,2022,long_dry,14.65534902,-4.28982,32.40226,5.437,808.662,302.041,9.24,97.524,89.2880079033532,AFR7274,mt____,mt,metamorphic_rocks,within_polygon,0.0
CB23-64,"Chondo & Banyikwa 2023 (Data in Brief, DOI: 10.1016/j.dib.2023.109239)",Tabora,TABORA-EAST-WEST,MWENGE,Groundwater/borehole,-5.071883,32.08325,0.06,6.94,232.0,143.0,NO,NO,Nitrate: 42.0 ppm,2021 - 2022,2022,long_dry,12.54055601,-4.28982,32.40226,5.437,808.662,302.041,9.24,97.524,93.87332075448755,AFR7274,mt____,mt,metamorphic_rocks,within_polygon,0.0
MB18-001,Mbabaye et al. 2018 (Tanzania J. Science 44(3):72-92),"Meru, Arusha Region",Akheri - Akeri,Sebala B,Spring,-3.35281,36.77155,1.2,,227.0,124.85,NO,NO,Elevation: 1451m,January-February 2015,2015,short_dry,66.80241919,-3.3338,36.82374,7.772,3197.227,1043.011,25.29,85.938,6.166980190458328,AFR9077,vi____,vi,intermediate_volcanic_rocks,within_polygon,0.0
MB18-002,Mbabaye et al. 2018 (Tanzania J. Science 44(3):72-92),"Meru, Arusha Region",Akheri - Akeri,Sebala A,Spring,-3.35448,36.7728,1.1,,237.0,130.35,NO,NO,Elevation: 1435m,January-February 2015,2015,short_dry,66.80241919,-3.3338,36.82374,7.772,3197.227,1043.011,25.29,85.938,6.104312388130108,AFR9077,vi____,vi,intermediate_volcanic_rocks,within_polygon,0.0
MB18-003,Mbabaye et al. 2018 (Tanzania J. Science 44(3):72-92),"Meru, Arusha Region",Akheri - Nguruma,Saibala spring,Spring,-3.3528,36.77152,1.3,,233.0,127.05,NO,NO,Elevation: 1439m,January-February 2015,2015,short_dry,66.80241919,-3.3338,36.82374,7.772,3197.227,1043.011,25.29,85.938,6.169727906950549,AFR9077,vi____,vi,intermediate_volcanic_rocks,within_polygon,0.0
MB18-004,Mbabaye et al. 2018 (Tanzania J. Science 44(3):72-92),"Meru, Arusha Region",Akheri - Duluti,Duluti Lake,Lake,-3.38306,36.7896,3.3,,456.0,240.9,YES,NO,Elevation: 1273m,January-February 2015,2015,short_dry,66.80241919,-3.40985,36.79536,7.14,4405.279,860.083,16.12,104.086,3.0467558482332295,AFR9077,vi____,vi,intermediate_volcanic_rocks,within_polygon,0.0
MB18-005,Mbabaye et al. 2018 (Tanzania J. Science 44(3):72-92),"Meru, Arusha Region",Akheri - Lita,Lita (Kitchen),Deep well,-3.38379,36.7973,1.4,,344.0,187.55,NO,NO,Elevation: 1260m,January-February 2015,2015,short_dry,66.80241919,-3.40985,36.79536,7.14,4405.279,860.083,16.12,104.086,2.9057340142328045,AFR9077,vi____,vi,intermediate_volcanic_rocks,within_polygon,0.0
MB18-006,Mbabaye et al. 2018 (Tanzania J. Science 44(3):72-92),"Meru, Arusha Region",Akheri - Lita,Tengeru Spring No 2,Spring,-3.39025,36.8017,1.4,,370.0,202.95,NO,NO,Elevation: 1221m,January-February 2015,2015,short_dry,71.07786417,-3.40985,36.79536,7.14,4405.279,860.083,16.12,104.086,2.2902251655878434,AFR9077,vi____,vi,intermediate_volcanic_rocks,within_polygon,0.0
MB18-007,Mbabaye et al. 2018 (Tanzania J. Science 44(3):72-92),"Meru, Arusha Region",Akheri - CDTI DP,Nork Shop,Deep well,-3.38106,36.80235,1.3,,328.0,178.75,NO,NO,Elevation: 1261m,January-February 2015,2015,short_dry,71.07786417,-3.40985,36.79536,7.14,4405.279,860.083,16.12,104.086,3.2939894343255958,AFR9077,vi____,vi,intermediate_volcanic_rocks,within_polygon,0.0
MB18-008,Mbabaye et al. 2018 (Tanzania J. Science 44(3):72-92),"Meru, Arusha Region",Akheri - Sing'isi,Kwa Soja,Spring,-3.37444,36.79583,1.3,,198.0,89.1,NO,NO,Elevation: 1260m,January-February 2015,2015,short_dry,66.80241919,-3.40985,36.79536,7.14,4405.279,860.083,16.12,104.086,3.9377633985591918,AFR9077,vi____,vi,intermediate_volcanic_rocks,within_polygon,0.0
MB18-009,Mbabaye et al. 2018 (Tanzania J. Science 44(3):72-92),"Meru, Arusha Region",Akheri - Sing'isi,Kwa Soja,Spring,-3.37444,36.79583,1.2,,180.0,81.0,NO,NO,Elevation: 1260m,January-February 2015,2015,short_dry,66.80241919,-3.40985,36.79536,7.14,4405.279,860.083,16.12,104.086,3.9377633985591918,AFR9077,vi____,vi,intermediate_volcanic_rocks,within_polygon,0.0
MB18-010,Mbabaye et al. 2018 (Tanzania J. Science 44(3):72-92),"Meru, Arusha Region",Akheri - Patandi,Malala,Spring,-3.37124,36.79275,1.2,,173.0,77.85,NO,NO,Elevation: 1279m,January-February 2015,2015,short_dry,66.80241919,-3.40985,36.79536,7.14,4405.279,860.083,16.12,104.086,4.303005906831786,AFR9077,vi____,vi,intermediate_volcanic_rocks,within_polygon,0.0
MB18-011,Mbabaye et al. 2018 (Tanzania J. Science 44(3):72-92),"Meru, Arusha Region",Akheri - Patandi,Gema,Spring,-3.37144,36.79278,1.3,,244.0,109.8,NO,NO,Elevation: 1281m,January-February 2015,2015,short_dry,66.80241919,-3.40985,36.79536,7.14,4405.279,860.083,16.12,104.086,4.280593538115512,AFR9077,vi____,vi,intermediate_volcanic_rocks,within_polygon,0.0
MB18-012,Mbabaye et al. 2018 (Tanzania J. Science 44(3):72-92),"Meru, Arusha Region",Akheri - Patandi,Meru Hospital,Deep well,-3.37017,36.78645,1.2,,287.0,129.15,NO,NO,Elevation: 1307m,January-February 2015,2015,short_dry,66.80241919,-3.40985,36.79536,7.14,4405.279,860.083,16.12,104.086,4.521707852164574,AFR9077,vi____,vi,intermediate_volcanic_rocks,within_polygon,0.0
MB18-013,Mbabaye et al. 2018 (Tanzania J. Science 44(3):72-92),"Meru, Arusha Region",Akheri - Patandi,Tengeru Fathers,Deep well,-3.37424,36.7803,1.2,,402.0,238.0,NO,NO,Elevation: 1331m,January-February 2015,2015,short_dry,66.80241919,-3.40985,36.79536,7.14,4405.279,860.083,16.12,104.086,4.298062680382335,AFR9077,vi____,vi,intermediate_volcanic_rocks,within_polygon,0.0
MB18-014,Mbabaye et al. 2018 (Tanzania J. Science 44(3):72-92),"Meru, Arusha Region",Akheri - Patandi,Tengeru Fathers,Deep well,-3.37434,36.7804,11.0,,582.0,316.0,YES,YES,Elevation: 1333m,January-February 2015,2015,short_dry,66.80241919,-3.40985,36.79536,7.14,4405.279,860.083,16.12,104.086,4.283505511805301,AFR9077,vi____,vi,intermediate_volcanic_rocks,within_polygon,0.0
MB18-015,Mbabaye et al. 2018 (Tanzania J. Science 44(3):72-92),"Meru, Arusha Region",Akheri - Akheri,Lake Duluti (Tengeru),Lake,-3.3825,36.7913,2.6,,472.0,,YES,NO,Elevation: 1250m,January-February 2015,2015,short_dry,66.80241919,-3.40985,36.79536,7.14,4405.279,860.083,16.12,104.086,3.0743946719275614,AFR9077,vi____,vi,intermediate_volcanic_rocks,within_polygon,0.0
MB18-016,Mbabaye et al. 2018 (Tanzania J. Science 44(3):72-92),"Meru, Arusha Region",Kikatiti - Kikatiti,Kwa Pendaeli,Shallow well,-3.38786,36.94342,22.0,,1395.0,1395.0,YES,YES,"Elevation: 1093m, Well depth: 12m",January-February 2015,2015,short_dry,65.58820057,-3.37719,36.942,6.648,3692.915,639.978,40.74,112.06,1.1968758712513246,AFR9077,vi____,vi,intermediate_volcanic_rocks,within_polygon,0.0
MB18-017,Mbabaye et al. 2018 (Tanzania J. Science 44(3):72-92),"Meru, Arusha Region",Kikatiti - Kikatiti,Ngira (Kwa Ngira),Shallow well,-3.37193,36.93262,2.7,,283.0,383.5,YES,NO,Elevation: 1143m,January-February 2015,2015,short_dry,65.58820057,-3.36802,36.93662,6.334,4515.045,612.904,55.13,122.737,0.6214284316803711,AFR9077,vi____,vi,intermediate_volcanic_rocks,within_polygon,0.0
MB18-018,Mbabaye et al. 2018 (Tanzania J. Science 44(3):72-92),"Meru, Arusha Region",Kikatiti - Kikatiti,Kisima Cha Iddi,Shallow well,-3.38565,36.93892,22.0,,1030.0,1030.0,YES,YES,"Elevation: 1100m, Well depth: 5m",January-February 2015,2015,short_dry,65.58820057,-3.37719,36.942,6.648,3692.915,639.978,40.74,112.06,1.0009101307062347,AFR9077,vi____,vi,intermediate_volcanic_rocks,within_polygon,0.0
MB18-019,Mbabaye et al. 2018 (Tanzania J. Science 44(3):72-92),"Meru, Arusha Region",Kikatiti - Kikatiti,Mnadani/Sokoni,Shallow well,-3.39826,36.9475,29.0,,1065.0,1065.0,YES,YES,"Elevation: 1072m, Well depth: 10m",January-February 2015,2015,short_dry,65.58820057,-3.37719,36.942,6.648,3692.915,639.978,40.74,112.06,2.4211162081690865,AFR9077,vi____,vi,intermediate_volcanic_rocks,within_polygon,0.0
MB18-020,Mbabaye et al. 2018 (Tanzania J. Science 44(3):72-92),"Meru, Arusha Region",Kikatiti - Kikatiti,Mnadani Kwa Lomnyaki,Shallow well,-3.39801,36.94705,30.0,,1070.0,1070.0,YES,YES,"Elevation: 1074m, Well depth: 8m",January-February 2015,2015,short_dry,65.58820057,-3.37719,36.942,6.648,3692.915,639.978,40.74,112.06,2.3819788845208927,AFR9077,vi____,vi,intermediate_volcanic_rocks,within_polygon,0.0
MB18-021,Mbabaye et al. 2018 (Tanzania J. Science 44(3):72-92),"Meru, Arusha Region",Kikatiti - Kikatiti,Mnadani Kwa Lotegerwaki,Shallow well,-3.39789,36.94702,30.0,,1050.0,1050.0,YES,YES,"Elevation: 1074m, Well depth: 8m",January-February 2015,2015,short_dry,65.58820057,-3.37719,36.942,6.648,3692.915,639.978,40.74,112.06,2.3682265730826364,AFR9077,vi____,vi,intermediate_volcanic_rocks,within_polygon,0.0
MB18-022,Mbabaye et al. 2018 (Tanzania J. Science 44(3):72-92),"Meru, Arusha Region",Kikatiti - Nasholi,Nasholi Sec School,Shallow well,-3.40425,36.94805,31.0,,1215.0,1215.0,YES,YES,"Elevation: 1055m, Well depth: 9m",January-February 2015,2015,short_dry,60.34963799,-3.41097,36.92874,6.546,5032.022,724.038,28.73,153.762,2.2698975197873636,AFR9077,vi____,vi,intermediate_volcanic_rocks,within_polygon,0.0
MB18-023,Mbabaye et al. 2018 (Tanzania J. Science 44(3):72-92),"Meru, Arusha Region",Kikatiti - Nasholi,Mlimani Kwa Dickson,Shallow well,-3.40897,36.94669,8.3,,890.0,890.0,YES,YES,"Elevation: 1046m, Well depth: 8m",January-February 2015,2015,short_dry,60.34963799,-3.41097,36.92874,6.546,5032.022,724.038,28.73,153.762,2.004790823663563,AFR9077,vi____,vi,intermediate_volcanic_rocks,within_polygon,0.0
MB18-024,Mbabaye et al. 2018 (Tanzania J. Science 44(3):72-92),"Meru, Arusha Region",Kikatiti - Kwa Samaria,Maroroni Pr/School,Deep well,-3.34668,36.97329,11.0,,1485.0,742.0,YES,YES,"Elevation: 984m, Well depth: 150m",January-February 2015,2015,short_dry,79.50583935,-3.37083,36.94124,6.475,4140.182,533.241,43.88,116.717,4.457382198594027,AFR9077,vi____,vi,intermediate_volcanic_rocks,within_polygon,0.0
MB18-025,Mbabaye et al. 2018 (Tanzania J. Science 44(3):72-92),"Meru, Arusha Region",Kikwe - Lita,Tengeru Spring No 1,Spring,-3.39613,36.80241,1.3,,332.0,187.55,NO,NO,Elevation: 1231m,January-February 2015,2015,short_dry,71.07786417,-3.40985,36.79536,7.14,4405.279,860.083,16.12,104.086,1.714589833602278,AFR9077,vi____,vi,intermediate_volcanic_rocks,within_polygon,0.0
MB18-026,Mbabaye et al. 2018 (Tanzania J. Science 44(3):72-92),"Meru, Arusha Region",Kikwe - Kikwe,Uduma,Deep well,-3.42883,36.82952,6.5,,970.0,516.45,YES,YES,"Elevation: 1095m, Well depth: 70m",January-February 2015,2015,short_dry,59.38913441,-3.41229,36.83439,6.835,3723.776,587.899,18.77,124.991,1.9169595526779477,AFR9077,vi____,vi,intermediate_volcanic_rocks,within_polygon,0.0
MB18-027,Mbabaye et al. 2018 (Tanzania J. Science 44(3):72-92),"Meru, Arusha Region",Kikwe - Maweni,Maziwa,Deep well,-3.45815,36.85021,12.0,,1187.0,651.2,YES,YES,"Elevation: 1027m, Well depth: 46m",January-February 2015,2015,short_dry,55.06212378,-3.45613,36.89375,7.163,4132.219,681.566,20.1,127.268,4.8378403546983,AFR9077,vi____,vi,intermediate_volcanic_rocks,within_polygon,0.0
MB18-028,Mbabaye et al. 2018 (Tanzania J. Science 44(3):72-92),"Meru, Arusha Region",Kikwe - Karangai,Mtowi,Deep well,-3.47977,36.86823,2.4,,1001.0,519.75,YES,NO,"Elevation: 986m, Well depth: 48m",January-February 2015,2015,short_dry,55.06212378,-3.48588,36.89657,6.928,3908.221,619.112,15.91,131.567,3.2179857527247218,AFR9077,vi____,vi,intermediate_volcanic_rocks,within_polygon,0.0
MB18-029,Mbabaye et al. 2018 (Tanzania J. Science 44(3):72-92),"Meru, Arusha Region",Kikwe - Karangai,Miembeni,Deep well,-3.51939,36.88343,1.7,,454.0,261.25,YES,NO,"Elevation: 956m, Well depth: 60m",January-February 2015,2015,short_dry,57.81669044,-3.50481,36.894,8.536,3345.688,479.906,11.1,74.326,2.001147027084534,AFR9077,vi____,vi,intermediate_volcanic_rocks,within_polygon,0.0
MB18-030,Mbabaye et al. 2018 (Tanzania J. Science 44(3):72-92),"Meru, Arusha Region",Kikwe - Kwa Ugoro,Maroroni,Deep well,-3.48542,36.87774,7.3,,1027.0,513.5,YES,YES,"Elevation: 979m, Well depth: 80m",January-February 2015,2015,short_dry,55.06212378,-3.48588,36.89657,6.928,3908.221,619.112,15.91,131.567,2.0905557792248803,AFR9077,vi____,vi,intermediate_volcanic_rocks,within_polygon,0.0
MB18-031,Mbabaye et al. 2018 (Tanzania J. Science 44(3):72-92),"Meru, Arusha Region",King'ori - Malula,Kisima Cha Zefania,Shallow well,-3.37256,37.01865,0.89,,202.0,202.5,NO,NO,"Elevation: 940m, Well depth: 15m",January-February 2015,2015,short_dry,55.75791502,-3.37719,36.942,6.648,3692.915,639.978,40.74,112.06,8.523883493847134,AFR9077,vi____,vi,intermediate_volcanic_rocks,within_polygon,0.0
MB18-032,Mbabaye et al. 2018 (Tanzania J. Science 44(3):72-92),"Meru, Arusha Region",King'ori - Malulu,Kisima Cha John Swai,Shallow well,-3.3713,37.01929,18.0,,709.0,709.0,YES,YES,"Elevation: 940m, Well depth: 12m",January-February 2015,2015,short_dry,55.75791502,-3.37719,36.942,6.648,3692.915,639.978,40.74,112.06,8.604330927819278,AFR9077,vi____,vi,intermediate_volcanic_rocks,within_polygon,0.0
MB18-033,Mbabaye et al. 2018 (Tanzania J. Science 44(3):72-92),"Meru, Arusha Region",King'ori - King'ori,Shoroyandeke,Spring,-3.27967,36.98704,15.0,,1095.0,1095.0,YES,YES,Elevation: 1179m,January-February 2015,2015,short_dry,90.99409604,-3.22976,37.04549,6.43,4476.915,452.027,48.82,99.49,8.538448562473336,AFR9077,vi____,vi,intermediate_volcanic_rocks,within_polygon,0.0
MB18-034,Mbabaye et al. 2018 (Tanzania J. Science 44(3):72-92),"Meru, Arusha Region",King'ori - King'ori,Joel Kaaya Kisima,Shallow well,-3.28139,36.98792,32.0,,1040.0,1040.0,YES,YES,"Elevation: 1172m, Well depth: 13m",January-February 2015,2015,short_dry,90.99409604,-3.22976,37.04549,6.43,4476.915,452.027,48.82,99.49,8.591050649303257,AFR9077,vi____,vi,intermediate_volcanic_rocks,within_polygon,0.0
MB18-035,Mbabaye et al. 2018 (Tanzania J. Science 44(3):72-92),"Meru, Arusha Region",King'ori - King'ori,Chemchem Ya Barnaba,Shallow well,-3.28143,36.9855,26.0,,1075.0,1075.0,YES,YES,Elevation: 1165m,January-February 2015,2015,short_dry,90.99409604,-3.22976,37.04549,6.43,4476.915,452.027,48.82,99.49,8.795651834243161,AFR9077,vi____,vi,intermediate_volcanic_rocks,within_polygon,0.0
MB18-036,Mbabaye et al. 2018 (Tanzania J. Science 44(3):72-92),"Meru, Arusha Region",King'ori - King'ori,Kisima Cha Mama Shirima,Shallow well,-3.28218,36.98512,17.0,,1150.0,1150.0,YES,YES,Elevation: 1172m,January-February 2015,2015,short_dry,90.99409604,-3.22976,37.04549,6.43,4476.915,452.027,48.82,99.49,8.882138986000635,AFR9077,vi____,vi,intermediate_volcanic_rocks,within_polygon,0.0
MB18-037,Mbabaye et al. 2018 (Tanzania J. Science 44(3):72-92),"Meru, Arusha Region",King'ori - King'ori,Kisima Cha Solomoni,Shallow well,-3.2919,36.98191,7.9,,538.0,538.0,YES,YES,"Elevation: 1147m, Well depth: 11m",January-February 2015,2015,short_dry,90.99409604,-3.34134,36.9238,6.223,3733.802,402.506,52.88,89.961,8.475504118211116,AFR9077,vi____,vi,intermediate_volcanic_rocks,within_polygon,0.0
MB18-038,Mbabaye et al. 2018 (Tanzania J. Science 44(3):72-92),"Meru, Arusha Region",Leguruki - Leguruki,Kisima Cha Elipokea,Shallow well,-3.25092,36.94123,11.0,,422.0,422.0,YES,YES,"Elevation: 1377m, Well depth: 15m",January-February 2015,2015,short_dry,87.27991843,-3.33432,36.90466,7.652,4432.639,508.754,32.26,90.3,10.1233413714392,AFR9077,vi____,vi,intermediate_volcanic_rocks,within_polygon,0.0
MB18-039,Mbabaye et al. 2018 (Tanzania J. Science 44(3):72-92),"Meru, Arusha Region",Leguruki - Leguruki,Kwa Ndellilio,Shallow well,-3.25052,36.93947,6.0,,522.0,523.0,YES,YES,Elevation: 1376m,January-February 2015,2015,short_dry,87.27991843,-3.33432,36.90466,7.652,4432.639,508.754,32.26,90.3,10.087654852288766,AFR9077,vi____,vi,intermediate_volcanic_rocks,within_polygon,0.0
MB18-040,Mbabaye et al. 2018 (Tanzania J. Science 44(3):72-92),"Meru, Arusha Region",Leguruki - Mbaaseni,Kwa Kemishua,Shallow well,-3.23836,36.94794,1.1,,653.0,653.0,NO,NO,Elevation: 1376m,January-February 2015,2015,short_dry,90.25005341,-3.22976,37.04549,6.43,4476.915,452.027,48.82,99.49,10.871942990731405,AFR9077,vi____,vi,intermediate_volcanic_rocks,within_polygon,0.0
MB18-041,Mbabaye et al. 2018 (Tanzania J. Science 44(3):72-92),"Meru, Arusha Region",Leguruki - Mbaaseni,Kwa Sarakikya,Shallow well,-3.23695,36.94965,9.8,,801.0,801.0,YES,YES,Elevation: 1371m,January-February 2015,2015,short_dry,90.25005341,-3.22976,37.04549,6.43,4476.915,452.027,48.82,99.49,10.669966535577077,AFR9077,vi____,vi,intermediate_volcanic_rocks,within_polygon,0.0
MB18-042,Mbabaye et al. 2018 (Tanzania J. Science 44(3):72-92),"Meru, Arusha Region",Leguruki - Mbaaseni,Kwa Barakaeli Ayo,Shallow well,-3.2368,36.95099,17.0,,1165.0,1165.0,YES,YES,"Elevation: 1373m, Well depth: 8m",January-February 2015,2015,short_dry,91.8091979,-3.22976,37.04549,6.43,4476.915,452.027,48.82,99.49,10.520372961556799,AFR9077,vi____,vi,intermediate_volcanic_rocks,within_polygon,0.0
MB18-043,Mbabaye et al. 2018 (Tanzania J. Science 44(3):72-92),"Meru, Arusha Region",Leguruki - Shistoni,Shistoni Pr/School,Shallow well,-3.23351,36.94954,23.0,,1070.0,1070.0,YES,YES,Elevation: 1373m,January-February 2015,2015,short_dry,90.25005341,-3.22976,37.04549,6.43,4476.915,452.027,48.82,99.49,10.66036000466042,AFR9077,vi____,vi,intermediate_volcanic_rocks,within_polygon,0.0
MB18-044,Mbabaye et al. 2018 (Tanzania J. Science 44(3):72-92),"Meru, Arusha Region",Leguruki - Shistoni,Nosingili Dam,Dam,-3.23153,36.95277,38.0,,2170.0,2170.0,YES,YES,Elevation: 1354m,January-February 2015,2015,short_dry,91.8091979,-3.22976,37.04549,6.43,4476.915,452.027,48.82,99.49,10.295504202847088,AFR9077,vi____,vi,intermediate_volcanic_rocks,within_polygon,0.0
MB18-045,Mbabaye et al. 2018 (Tanzania J. Science 44(3):72-92),"Meru, Arusha Region",Leguruki - Leguruki,Lake Tulisia Arusha,Lake,-3.2118,36.9076,,,31400.0,974.9,UNKNOWN,UNKNOWN,Elevation: 1445m,January-February 2015,2015,short_dry,90.25005341,-3.33432,36.90466,7.652,4432.639,508.754,32.26,90.3,13.627530204002944,AFR9077,vi____,vi,intermediate_volcanic_rocks,within_polygon,0.0
MB18-046,Mbabaye et al. 2018 (Tanzania J. Science 44(3):72-92),"Meru, Arusha Region",Leguruki - Leguruki,Big Momella Lake,Lake,-3.2098,36.9084,1103.7,,38000.0,,YES,YES,Elevation: Nonem,January-February 2015,2015,short_dry,90.25005341,-3.33432,36.90466,7.652,4432.639,508.754,32.26,90.3,13.852235034725812,AFR9077,vi____,vi,intermediate_volcanic_rocks,within_polygon,0.0
MB18-047,Mbabaye et al. 2018 (Tanzania J. Science 44(3):72-92),"Meru, Arusha Region",Leguruki - Leguruki,Small Momella Lake,Lake,-3.22203,36.89155,,,8710.0,212.0,UNKNOWN,UNKNOWN,Elevation: Nonem,January-February 2015,2015,short_dry,92.61154175,-3.33308,36.88067,7.117,3551.811,582.023,44.78,91.943,12.407143827151364,AFR9077,vi____,vi,intermediate_volcanic_rocks,within_polygon,0.0
MB18-048,Mbabaye et al. 2018 (Tanzania J. Science 44(3):72-92),"Meru, Arusha Region",Maji ya Chai - Imbaseny,Imbaseny Peace School,Deep well,-3.36809,36.89621,0.09,,1800.0,900.0,NO,NO,"Elevation: 1202m, Well depth: 48m",January-February 2015,2015,short_dry,66.46977615,-3.34863,36.87573,6.383,3485.21,446.453,49.91,101.641,3.1385441790626585,AFR9077,vi____,vi,intermediate_volcanic_rocks,within_polygon,0.0
MB18-049,Mbabaye et al. 2018 (Tanzania J. Science 44(3):72-92),"Meru, Arusha Region",Maji ya Chai - Imbaseny,Sokoni,Shallow well,-3.36556,36.89482,13.0,,1758.0,879.0,YES,YES,"Elevation: 1201m, Well depth: 8.5m",January-February 2015,2015,short_dry,66.46977615,-3.34863,36.87573,6.383,3485.21,446.453,49.91,101.641,2.834500490928179,AFR9077,vi____,vi,intermediate_volcanic_rocks,within_polygon,0.0
MB18-050,Mbabaye et al. 2018 (Tanzania J. Science 44(3):72-92),"Meru, Arusha Region",Maji ya Chai - Imbaseny,Chemchem,Spring,-3.35382,36.89053,8.2,,1117.0,558.0,YES,YES,Elevation: 1225m,January-February 2015,2015,short_dry,66.46977615,-3.34863,36.87573,6.383,3485.21,446.453,49.91,101.641,1.741286564195364,AFR9077,vi____,vi,intermediate_volcanic_rocks,within_polygon,0.0
MB18-051,Mbabaye et al. 2018 (Tanzania J. Science 44(3):72-92),"Meru, Arusha Region",Maji ya Chai - Imbaseny,Shuleni,Deep well,-3.34401,36.88441,7.6,,1078.0,539.0,YES,YES,"Elevation: 1267m, Well depth: 60m",January-February 2015,2015,short_dry,71.62697315,-3.34863,36.87573,6.383,3485.21,446.453,49.91,101.641,1.0919226343065727,AFR9077,vi____,vi,intermediate_volcanic_rocks,within_polygon,0.0
MB18-052,Mbabaye et al. 2018 (Tanzania J. Science 44(3):72-92),"Meru, Arusha Region",Maji ya Chai - Imbaseny,Kwamnegro UCC,Deep well,-3.33719,36.88647,5.4,,1155.0,577.5,YES,YES,"Elevation: 1213m, Well depth: 70m",January-February 2015,2015,short_dry,71.62697315,-3.33308,36.88067,7.117,3551.811,582.023,44.78,91.943,0.7895496410171158,AFR9077,vi____,vi,intermediate_volcanic_rocks,within_polygon,0.0
MB18-053,Mbabaye et al. 2018 (Tanzania J. Science 44(3):72-92),"Meru, Arusha Region",Maji ya Chai - Imbaseny,Tangini-A,Spring,-3.3451,36.90067,9.8,,874.0,437.0,YES,YES,Elevation: 1275m,January-February 2015,2015,short_dry,75.97894096,-3.33432,36.90466,7.652,4432.639,508.754,32.26,90.3,1.2778945341607788,AFR9077,vi____,vi,intermediate_volcanic_rocks,within_polygon,0.0
MB18-054,Mbabaye et al. 2018 (Tanzania J. Science 44(3):72-92),"Meru, Arusha Region",Maji ya Chai - Imbaseny,Tangini-B,Spring,-3.3478,36.90131,11.0,,951.0,475.0,YES,YES,Elevation: 1264m,January-February 2015,2015,short_dry,75.97894096,-3.33432,36.90466,7.652,4432.639,508.754,32.26,90.3,1.5443502874952166,AFR9077,vi____,vi,intermediate_volcanic_rocks,within_polygon,0.0
MB18-055,Mbabaye et al. 2018 (Tanzania J. Science 44(3):72-92),"Meru, Arusha Region",Maji ya Chai - Imbaseny,Tangini-C,Shallow well,-3.34841,36.90188,11.0,,993.0,496.5,YES,YES,"Elevation: 1266m, Well depth: 10m",January-February 2015,2015,short_dry,75.97894096,-3.33432,36.90466,7.652,4432.639,508.754,32.26,90.3,1.5968412840122432,AFR9077,vi____,vi,intermediate_volcanic_rocks,within_polygon,0.0
MB18-056,Mbabaye et al. 2018 (Tanzania J. Science 44(3):72-92),"Meru, Arusha Region",Maji ya Chai - Maji ya Chai,Expresso Tea Arusha NP,River,-3.29911,36.88051,37.5,,,,YES,YES,Elevation: 2270m,January-February 2015,2015,short_dry,82.62471581,-3.33308,36.88067,7.117,3551.811,582.023,44.78,91.943,3.777338633755559,AFR9077,vi____,vi,intermediate_volcanic_rocks,within_polygon,0.0
MB18-057,Mbabaye et al. 2018 (Tanzania J. Science 44(3):72-92),"Meru, Arusha Region",Maji ya Chai - Maji ya Chai,Maji ya Chai River NP,River,-3.29605,36.8793,21.9,,,,YES,YES,Elevation: 921m,January-February 2015,2015,short_dry,82.62471581,-3.33308,36.88067,7.117,3551.811,582.023,44.78,91.943,4.120361456439185,AFR9077,vi____,vi,intermediate_volcanic_rocks,within_polygon,0.0
MB18-058,Mbabaye et al. 2018 (Tanzania J. Science 44(3):72-92),"Meru, Arusha Region",Maji ya Chai - Maji ya Chai,Maji ya Chai River Bridge,River,-3.30298,36.88258,22.8,,,,YES,YES,Elevation: 922m,January-February 2015,2015,short_dry,71.62697315,-3.33308,36.88067,7.117,3551.811,582.023,44.78,91.943,3.353681002717768,AFR9077,vi____,vi,intermediate_volcanic_rocks,within_polygon,0.0
MB18-059,Mbabaye et al. 2018 (Tanzania J. Science 44(3):72-92),"Meru, Arusha Region",Maji ya Chai - Maji ya Chai,Maji ya Chai at village,River,-3.37082,36.89703,18.6,,995.0,,YES,YES,Elevation: 1185m,January-February 2015,2015,short_dry,66.46977615,-3.34863,36.87573,6.383,3485.21,446.453,49.91,101.641,3.4173775837612497,AFR9077,vi____,vi,intermediate_volcanic_rocks,within_polygon,0.0
MB18-060,Mbabaye et al. 2018 (Tanzania J. Science 44(3):72-92),"Meru, Arusha Region",Maji ya Chai - Maji ya Chai,Defluoridation Station Tap,River,-3.32488,36.88445,20.2,,,,YES,YES,Elevation: 907m,January-February 2015,2015,short_dry,71.62697315,-3.33308,36.88067,7.117,3551.811,582.023,44.78,91.943,1.00371789568199,AFR9077,vi____,vi,intermediate_volcanic_rocks,within_polygon,0.0
MB18-061,Mbabaye et al. 2018 (Tanzania J. Science 44(3):72-92),"Meru, Arusha Region",Maji ya Chai - Maji ya Chai,Colobus Mountain Lodge,River,-3.31562,36.87745,17.1,,,,YES,YES,Elevation: 609m,January-February 2015,2015,short_dry,71.62697315,-3.33308,36.88067,7.117,3551.811,582.023,44.78,91.943,1.9740967599793982,AFR9077,vi____,vi,intermediate_volcanic_rocks,within_polygon,0.0
MB18-062,Mbabaye et al. 2018 (Tanzania J. Science 44(3):72-92),"Meru, Arusha Region",Makiba - Makiba,Mabatini,Deep well,-3.52466,36.95242,3.1,,676.0,376.2,YES,NO,"Elevation: 925m, Well depth: 50m",January-February 2015,2015,short_dry,57.0954833,-3.50544,36.92352,7.069,4514.328,546.638,21.17,154.639,3.8542833130510683,AFR9077,vi____,vi,intermediate_volcanic_rocks,within_polygon,0.0
MB18-063,Mbabaye et al. 2018 (Tanzania J. Science 44(3):72-92),"Meru, Arusha Region",Makiba - Majengo-Kati,Uduma-A,Deep well,-3.49248,37.02672,4.8,,809.0,404.5,YES,YES,"Elevation: 892m, Well depth: 28m",January-February 2015,2015,short_dry,49.37065935,-3.44289,36.93663,6.511,3311.993,630.424,19.66,169.383,11.418864469312448,AFR9215,sumx__,su,unconsolidated_sediments,within_polygon,0.0
MB18-064,Mbabaye et al. 2018 (Tanzania J. Science 44(3):72-92),"Meru, Arusha Region",Makiba - Majengo-Kati,Uduma-B,Deep well,-3.49494,37.02523,4.2,,424.0,212.0,YES,YES,"Elevation: 894m, Well depth: 30m",January-February 2015,2015,short_dry,49.37065935,-3.50544,36.92352,7.069,4514.328,546.638,21.17,154.639,11.348772280251337,AFR9215,sumx__,su,unconsolidated_sediments,within_polygon,0.0
MB18-065,Mbabaye et al. 2018 (Tanzania J. Science 44(3):72-92),"Meru, Arusha Region",Makiba - Majengo-Kati,Uduma-C,Deep well,-3.4994,37.02731,2.2,,503.0,251.0,YES,NO,"Elevation: 896m, Well depth: 70m",January-February 2015,2015,short_dry,49.37065935,-3.50544,36.92352,7.069,4514.328,546.638,21.17,154.639,11.538943603588583,AFR9215,sumx__,su,unconsolidated_sediments,within_polygon,0.0
MB18-066,Mbabaye et al. 2018 (Tanzania J. Science 44(3):72-92),"Meru, Arusha Region",Makiba - Majengo-Kati,Kati-A,Deep well,-3.48908,37.02409,1.5,,5530.0,2765.0,NO,NO,"Elevation: 891m, Well depth: 36m",January-February 2015,2015,short_dry,49.37065935,-3.44289,36.93663,6.511,3311.993,630.424,19.66,169.383,10.982342320627678,AFR9215,sumx__,su,unconsolidated_sediments,within_polygon,0.0
MB18-067,Mbabaye et al. 2018 (Tanzania J. Science 44(3):72-92),"Meru, Arusha Region",Makiba - Majengo-Kati,Kati-B,Deep well,-3.48568,37.01904,11.0,,5220.0,2610.0,YES,YES,"Elevation: 891m, Well depth: 33m",January-February 2015,2015,short_dry,49.37065935,-3.44289,36.93663,6.511,3311.993,630.424,19.66,169.383,10.31036504087163,AFR9215,sumx__,su,unconsolidated_sediments,within_polygon,0.0
MB18-068,Mbabaye et al. 2018 (Tanzania J. Science 44(3):72-92),"Meru, Arusha Region",Makiba - Majengo-Kati,Kati-C,Deep well,-3.48299,37.01957,8.5,,4670.0,2335.0,YES,YES,"Elevation: 894m, Well depth: 25m",January-February 2015,2015,short_dry,49.37065935,-3.44289,36.93663,6.511,3311.993,630.424,19.66,169.383,10.228711493975995,AFR9215,sumx__,su,unconsolidated_sediments,within_polygon,0.0
MB18-069,Mbabaye et al. 2018 (Tanzania J. Science 44(3):72-92),"Meru, Arusha Region",Makiba - Majengo-Kati,Rumala,Deep well,-3.47665,37.02162,2.5,,2560.0,1280.0,YES,NO,"Elevation: 888m, Well depth: 28m",January-February 2015,2015,short_dry,49.37065935,-3.44289,36.93663,6.511,3311.993,630.424,19.66,169.383,10.152744944089237,AFR9215,sumx__,su,unconsolidated_sediments,within_polygon,0.0
MB18-070,Mbabaye et al. 2018 (Tanzania J. Science 44(3):72-92),"Meru, Arusha Region",Maroroni - Kwa Samaria,Kijenge,Deep well,-3.42102,36.95523,20.0,,2300.0,1150.0,YES,YES,"Elevation: 1028m, Well depth: 70m",January-February 2015,2015,short_dry,59.51007748,-3.41097,36.92874,6.546,5032.022,724.038,28.73,153.762,3.1455262934343167,AFR9077,vi____,vi,intermediate_volcanic_rocks,within_polygon,0.0
MB18-071,Mbabaye et al. 2018 (Tanzania J. Science 44(3):72-92),"Meru, Arusha Region",Mbuguni - Mbuguni,Amec,Deep well,-3.55142,36.91921,2.7,,387.0,217.25,YES,NO,"Elevation: 942m, Well depth: 64m",January-February 2015,2015,short_dry,57.47953558,-3.50544,36.92352,7.069,4514.328,546.638,21.17,154.639,5.135077581601904,AFR9077,vi____,vi,intermediate_volcanic_rocks,within_polygon,0.0
MB18-072,Mbabaye et al. 2018 (Tanzania J. Science 44(3):72-92),"Meru, Arusha Region",Mbuguni - Kikuletwa,Shamima Intake,River,-3.53335,36.91764,3.2,,342.0,190.85,YES,NO,Elevation: 950m,January-February 2015,2015,short_dry,56.10560179,-3.50544,36.92352,7.069,4514.328,546.638,21.17,154.639,3.1713262105294673,AFR9077,vi____,vi,intermediate_volcanic_rocks,within_polygon,0.0
MB18-073,Mbabaye et al. 2018 (Tanzania J. Science 44(3):72-92),"Meru, Arusha Region",Mbuguni - Kikuletwa,Mnazi Mmoja,Deep well,-3.53692,36.91798,4.8,,538.0,290.95,YES,YES,"Elevation: 941m, Well depth: 60m",January-February 2015,2015,short_dry,56.10560179,-3.50544,36.92352,7.069,4514.328,546.638,21.17,154.639,3.554011558705614,AFR9077,vi____,vi,intermediate_volcanic_rocks,within_polygon,0.0
MB18-074,Mbabaye et al. 2018 (Tanzania J. Science 44(3):72-92),"Meru, Arusha Region",Mbuguni - Kikuletwa,Stemm,Deep well,-3.54288,36.9175,15.0,,450.0,252.45,YES,YES,"Elevation: 944m, Well depth: 87m",January-February 2015,2015,short_dry,56.10560179,-3.50544,36.92352,7.069,4514.328,546.638,21.17,154.639,4.216415783254148,AFR9077,vi____,vi,intermediate_volcanic_rocks,within_polygon,0.0
MB18-075,Mbabaye et al. 2018 (Tanzania J. Science 44(3):72-92),"Meru, Arusha Region",Mbuguni - Kambi Ya Tanga Juu,Kazamayo,Deep well,-3.55152,36.90492,2.1,,546.0,297.55,YES,NO,"Elevation: 946m, Well depth: 58m",January-February 2015,2015,short_dry,57.47953558,-3.50481,36.894,8.536,3345.688,479.906,11.1,74.326,5.333446144307391,AFR9077,vi____,vi,intermediate_volcanic_rocks,within_polygon,0.0
MB18-076,Mbabaye et al. 2018 (Tanzania J. Science 44(3):72-92),"Meru, Arusha Region",Mbuguni - Shambalai,Bruka Kati,Deep well,-3.56496,36.89828,2.1,,536.0,295.35,YES,NO,"Elevation: 945m, Well depth: 100m",January-February 2015,2015,short_dry,58.63479257,-3.50481,36.894,8.536,3345.688,479.906,11.1,74.326,6.705230461495792,AFR9077,vi____,vi,intermediate_volcanic_rocks,within_polygon,0.0
MB18-077,Mbabaye et al. 2018 (Tanzania J. Science 44(3):72-92),"Meru, Arusha Region",Mbuguni - Shambalai,Tumaini,Deep well,-3.57405,36.91437,1.5,,741.0,395.45,NO,NO,"Elevation: 938m, Well depth: 50m",January-February 2015,2015,short_dry,57.47953558,-3.50544,36.92352,7.069,4514.328,546.638,21.17,154.639,7.696382916779893,AFR9077,vi____,vi,intermediate_volcanic_rocks,within_polygon,0.0
MB18-078,Mbabaye et al. 2018 (Tanzania J. Science 44(3):72-92),"Meru, Arusha Region",Ngarenanyuki - Ngarenanyuki,Olkung'wado Mandoke 1,Spring,-3.20089,36.84391,5.2,,438.0,248.05,YES,YES,Elevation: 1497m,January-February 2015,2015,short_dry,111.7688522,-3.3338,36.82374,7.772,3197.227,1043.011,25.29,85.938,14.947603237664215,AFR9077,vi____,vi,intermediate_volcanic_rocks,within_polygon,0.0
MB18-079,Mbabaye et al. 2018 (Tanzania J. Science 44(3):72-92),"Meru, Arusha Region",Ngarenanyuki - Ngarenanyuki,Olkung'wado Mandoke 2,Spring,-3.20169,36.84463,5.2,,429.0,240.35,YES,YES,Elevation: 1499m,January-February 2015,2015,short_dry,111.7688522,-3.3338,36.82374,7.772,3197.227,1043.011,25.29,85.938,14.87191114838212,AFR9077,vi____,vi,intermediate_volcanic_rocks,within_polygon,0.0
MB18-080,Mbabaye et al. 2018 (Tanzania J. Science 44(3):72-92),"Meru, Arusha Region",Ngarenanyuki - Ngarenanyuki,Olkung'wado Mandoke 3,Spring,-3.19684,36.84954,12.0,,770.0,424.05,YES,YES,Elevation: 1468m,January-February 2015,2015,short_dry,107.2345862,-3.3338,36.82374,7.772,3197.227,1043.011,25.29,85.938,15.496270881101124,AFR9077,vi____,vi,intermediate_volcanic_rocks,within_polygon,0.0
MB18-081,Mbabaye et al. 2018 (Tanzania J. Science 44(3):72-92),"Meru, Arusha Region",Ngarenanyuki - Ngarenanyuki,Olkung'wado Mandoke 4,Spring,-3.198,36.85082,21.0,,1287.0,707.3,YES,YES,Elevation: 1476m,January-February 2015,2015,short_dry,85.13348389,-3.33308,36.88067,7.117,3551.811,582.023,44.78,91.943,15.381433921182277,AFR9077,vi____,vi,intermediate_volcanic_rocks,within_polygon,0.0
MB18-082,Mbabaye et al. 2018 (Tanzania J. Science 44(3):72-92),"Meru, Arusha Region",Ngarenanyuki - Ngarenanyuki,Olkung'wado Nasura 1,Spring,-3.20053,36.85015,9.5,,388.0,234.85,YES,YES,Elevation: 1489m,January-February 2015,2015,short_dry,111.7688522,-3.3338,36.82374,7.772,3197.227,1043.011,25.29,85.938,15.10621698458363,AFR9077,vi____,vi,intermediate_volcanic_rocks,within_polygon,0.0
MB18-083,Mbabaye et al. 2018 (Tanzania J. Science 44(3):72-92),"Meru, Arusha Region",Ngarenanyuki - Ngarenanyuki,Olkung'wado Nasura 2,Spring,-3.20321,36.85243,31.0,,1848.0,1111.2,YES,YES,Elevation: 1489m,January-February 2015,2015,short_dry,92.61154175,-3.33308,36.88067,7.117,3551.811,582.023,44.78,91.943,14.777287443355236,AFR9077,vi____,vi,intermediate_volcanic_rocks,within_polygon,0.0
MB18-084,Mbabaye et al. 2018 (Tanzania J. Science 44(3):72-92),"Meru, Arusha Region",Ngarenanyuki - Ngarenanyuki,Olkung'wado Ngarenanyuki,River,-3.20266,36.85678,30.0,,1852.0,1149.6,YES,YES,Elevation: 1489m,January-February 2015,2015,short_dry,92.61154175,-3.33308,36.88067,7.117,3551.811,582.023,44.78,91.943,14.742578070202345,AFR9077,vi____,vi,intermediate_volcanic_rocks,within_polygon,0.0
MB18-085,Mbabaye et al. 2018 (Tanzania J. Science 44(3):72-92),"Meru, Arusha Region",Ngarenanyuki - Ngarenanyuki,Olkung'wado Nasura Water,Spring,-3.21665,36.8721,3.9,,346.0,243.65,YES,NO,Elevation: 1516m,January-February 2015,2015,short_dry,92.61154175,-3.33308,36.88067,7.117,3551.811,582.023,44.78,91.943,12.981352998394,AFR9077,vi____,vi,intermediate_volcanic_rocks,within_polygon,0.0
MB18-086,Mbabaye et al. 2018 (Tanzania J. Science 44(3):72-92),"Meru, Arusha Region",Ngarenanyuki - Ngarenanyuki,Olkung'wado Ngujawi A,Spring,-3.216,36.87218,26.0,,1771.0,1086.0,YES,YES,Elevation: 1506m,January-February 2015,2015,short_dry,92.61154175,-3.33308,36.88067,7.117,3551.811,582.023,44.78,91.943,13.052792246115247,AFR9077,vi____,vi,intermediate_volcanic_rocks,within_polygon,0.0
MB18-087,Mbabaye et al. 2018 (Tanzania J. Science 44(3):72-92),"Meru, Arusha Region",Ngarenanyuki - Ngarenanyuki,Olkung'wado Sekedo,Spring,-3.21173,36.87397,29.0,,1835.0,1212.0,YES,YES,Elevation: 1497m,January-February 2015,2015,short_dry,92.61154175,-3.33308,36.88067,7.117,3551.811,582.023,44.78,91.943,13.514007151167746,AFR9077,vi____,vi,intermediate_volcanic_rocks,within_polygon,0.0
MB18-088,Mbabaye et al. 2018 (Tanzania J. Science 44(3):72-92),"Meru, Arusha Region",Ngarenanyuki - Ngarenanyuki,Olkung'wado Ngujawi B,Spring,-3.21244,36.8729,25.0,,2020.0,1290.0,YES,YES,Elevation: 1499m,January-February 2015,2015,short_dry,92.61154175,-3.33308,36.88067,7.117,3551.811,582.023,44.78,91.943,13.442278330104843,AFR9077,vi____,vi,intermediate_volcanic_rocks,within_polygon,0.0
MB18-089,Mbabaye et al. 2018 (Tanzania J. Science 44(3):72-92),"Meru, Arusha Region",Ngarenanyuki - Ngarenanyuki,Olkung'wado Bulebule B,Spring,-3.17749,36.85318,9.5,,945.0,586.3,YES,YES,Elevation: 1454m,January-February 2015,2015,short_dry,85.13348389,-3.33308,36.88067,7.117,3551.811,582.023,44.78,91.943,17.567946803984754,AFR9077,vi____,vi,intermediate_volcanic_rocks,within_polygon,0.0
MB18-090,Mbabaye et al. 2018 (Tanzania J. Science 44(3):72-92),"Meru, Arusha Region",Ngarenanyuki - Ngarenanyuki,Olkung'wado Bulebule A,Spring,-3.1776,36.85306,7.2,,724.0,429.0,YES,YES,Elevation: 1452m,January-February 2015,2015,short_dry,85.13348389,-3.33308,36.88067,7.117,3551.811,582.023,44.78,91.943,17.55822211392985,AFR9077,vi____,vi,intermediate_volcanic_rocks,within_polygon,0.0
MB18-091,Mbabaye et al. 2018 (Tanzania J. Science 44(3):72-92),"Meru, Arusha Region",Ngarenanyuki - Uwiro,Ngali Maji,Spring,-3.15511,36.859,7.6,,851.0,515.9,YES,YES,Elevation: 1429m,January-February 2015,2015,short_dry,85.13348389,-3.33308,36.88067,7.117,3551.811,582.023,44.78,91.943,19.935081026675835,AFR9077,vi____,vi,intermediate_volcanic_rocks,within_polygon,0.0
MB18-092,Mbabaye et al. 2018 (Tanzania J. Science 44(3):72-92),"Meru, Arusha Region",Ngarenanyuki - Uwiro,Ngarenanyuki Pr/School,Spring,-3.15247,36.84129,4.7,,869.0,392.15,YES,YES,Elevation: 1478m,January-February 2015,2015,short_dry,107.2345862,-3.3338,36.82374,7.772,3197.227,1043.011,25.29,85.938,20.256919412166535,AFR9077,vi____,vi,intermediate_volcanic_rocks,within_polygon,0.0
MB18-093,Mbabaye et al. 2018 (Tanzania J. Science 44(3):72-92),"Meru, Arusha Region",Ngarenanyuki - Kisimiri,Kismiri Chini,Spring,-3.17044,36.81693,5.6,,649.0,179.3,YES,YES,Elevation: 1613m,January-February 2015,2015,short_dry,107.2345862,-3.3338,36.82374,7.772,3197.227,1043.011,25.29,85.938,18.180554221098067,AFR9077,vi____,vi,intermediate_volcanic_rocks,within_polygon,0.0
MB18-094,Mbabaye et al. 2018 (Tanzania J. Science 44(3):72-92),"Meru, Arusha Region",Ngarenanyuki - Kisimiri,Kismiri Juu,Spring,-3.17097,36.81117,1.5,,330.0,194.7,NO,NO,Elevation: 1663m,January-February 2015,2015,short_dry,107.2345862,-3.3338,36.82374,7.772,3197.227,1043.011,25.29,85.938,18.159591632335236,AFR9077,vi____,vi,intermediate_volcanic_rocks,within_polygon,0.0
MB18-095,Mbabaye et al. 2018 (Tanzania J. Science 44(3):72-92),"Meru, Arusha Region",Ngarenanyuki - Ngarenanyuki,Lake Lekandiro,Lake,-3.21255,36.8948,,,9230.0,199.3,UNKNOWN,UNKNOWN,Elevation: 1469m,January-February 2015,2015,short_dry,92.61154175,-3.33308,36.88067,7.117,3551.811,582.023,44.78,91.943,13.493827421373803,AFR9077,vi____,vi,intermediate_volcanic_rocks,within_polygon,0.0
MB18-096,Mbabaye et al. 2018 (Tanzania J. Science 44(3):72-92),"Meru, Arusha Region",Ngarenanyuki - Ngarenanyuki,Lake Rishaten,Lake,-3.23163,36.83917,,,28900.0,897.7,UNKNOWN,UNKNOWN,Elevation: Nonem,January-February 2015,2015,short_dry,111.7688522,-3.3338,36.82374,7.772,3197.227,1043.011,25.29,85.938,11.48920875518895,AFR9077,vi____,vi,intermediate_volcanic_rocks,within_polygon,0.0
MB18-097,Mbabaye et al. 2018 (Tanzania J. Science 44(3):72-92),"Meru, Arusha Region",Ngarenanyuki - Ngarenanyuki,Small spring Arusha NP,River,-3.24367,36.83916,10.2,,908.0,,YES,YES,Elevation: 1694m,January-February 2015,2015,short_dry,111.7688522,-3.3338,36.82374,7.772,3197.227,1043.011,25.29,85.938,10.167153469752366,AFR9077,vi____,vi,intermediate_volcanic_rocks,within_polygon,0.0
MB18-099,Mbabaye et al. 2018 (Tanzania J. Science 44(3):72-92),"Meru, Arusha Region",Nkoanrua - Nkoarua,Mfulonyi,Spring,-3.34869,36.76672,0.92,,174.0,95.65,NO,NO,Elevation: 1482m,January-February 2015,2015,short_dry,88.10014057,-3.3338,36.82374,7.772,3197.227,1043.011,25.29,85.938,6.542532092186655,AFR9077,vi____,vi,intermediate_volcanic_rocks,within_polygon,0.0
MB18-100,Mbabaye et al. 2018 (Tanzania J. Science 44(3):72-92),"Meru, Arusha Region",Nkoanrua - Filonyi,Camatec A,Spring,-3.33318,36.76793,0.81,,160.0,93.72,NO,NO,Elevation: 1586m,January-February 2015,2015,short_dry,88.10014057,-3.3338,36.82374,7.772,3197.227,1043.011,25.29,85.938,6.1956807870576815,AFR9077,vi____,vi,intermediate_volcanic_rocks,within_polygon,0.0
MB18-101,Mbabaye et al. 2018 (Tanzania J. Science 44(3):72-92),"Meru, Arusha Region",Nkoanrua - Filonyi,Camatec B,Spring,-3.33272,36.76775,0.66,,162.0,90.53,NO,NO,Elevation: 1585m,January-February 2015,2015,short_dry,88.10014057,-3.3338,36.82374,7.772,3197.227,1043.011,25.29,85.938,6.216439993876719,AFR9077,vi____,vi,intermediate_volcanic_rocks,within_polygon,0.0
MB18-102,Mbabaye et al. 2018 (Tanzania J. Science 44(3):72-92),"Meru, Arusha Region",Nkoanrua - Filonyi,Malala River,River,-3.3325,36.76791,2.2,,136.0,76.18,YES,NO,Elevation: 1585m,January-February 2015,2015,short_dry,88.10014057,-3.3338,36.82374,7.772,3197.227,1043.011,25.29,85.938,6.199205079838324,AFR9077,vi____,vi,intermediate_volcanic_rocks,within_polygon,0.0
MB18-103,Mbabaye et al. 2018 (Tanzania J. Science 44(3):72-92),"Meru, Arusha Region",Nkoanrua - Ambureni,Ngwaimare,Spring,-3.35905,36.7558,1.1,,209.0,124.0,NO,NO,Elevation: 1451m,January-February 2015,2015,short_dry,66.80241919,-3.40985,36.79536,7.14,4405.279,860.083,16.12,104.086,7.154761187484146,AFR9077,vi____,vi,intermediate_volcanic_rocks,within_polygon,0.0
MB18-104,Mbabaye et al. 2018 (Tanzania J. Science 44(3):72-92),"Meru, Arusha Region",Nkoanrua - Ambureni,Petro Akyoo,Spring,-3.364,36.75856,1.7,,232.0,137.0,YES,NO,Elevation: 1425m,January-February 2015,2015,short_dry,66.80241919,-3.40985,36.79536,7.14,4405.279,860.083,16.12,104.086,6.532874918523142,AFR9077,vi____,vi,intermediate_volcanic_rocks,within_polygon,0.0
MB18-105,Mbabaye et al. 2018 (Tanzania J. Science 44(3):72-92),"Meru, Arusha Region",Nkoanrua - Ambureni,Uronyi Mzee Seeo,Spring,-3.36789,36.75935,2.2,,247.0,144.0,YES,NO,Elevation: 1383m,January-February 2015,2015,short_dry,66.80241919,-3.40985,36.79536,7.14,4405.279,860.083,16.12,104.086,6.143797897707935,AFR9077,vi____,vi,intermediate_volcanic_rocks,within_polygon,0.0
MB18-106,Mbabaye et al. 2018 (Tanzania J. Science 44(3):72-92),"Meru, Arusha Region",Nkoanrua - Ambureni,Lekuta,Spring,-3.36421,36.76149,2.0,,250.0,147.0,YES,NO,Elevation: 1415m,January-February 2015,2015,short_dry,66.80241919,-3.40985,36.79536,7.14,4405.279,860.083,16.12,104.086,6.315824005037118,AFR9077,vi____,vi,intermediate_volcanic_rocks,within_polygon,0.0
MB18-107,Mbabaye et al. 2018 (Tanzania J. Science 44(3):72-92),"Meru, Arusha Region",Nkoanrua - Ambureni,Lemteri,Spring,-3.36892,36.76375,1.4,,244.0,144.0,NO,NO,Elevation: 1373m,January-February 2015,2015,short_dry,66.80241919,-3.40985,36.79536,7.14,4405.279,860.083,16.12,104.086,5.746714548697054,AFR9077,vi____,vi,intermediate_volcanic_rocks,within_polygon,0.0
MB18-108,Mbabaye et al. 2018 (Tanzania J. Science 44(3):72-92),"Meru, Arusha Region",Nkoanrua - Ambureni,Kwa Pailoti,Spring,-3.36715,36.762,2.1,,257.0,145.0,YES,NO,Elevation: 1394m,January-February 2015,2015,short_dry,66.80241919,-3.40985,36.79536,7.14,4405.279,860.083,16.12,104.086,6.021284587729248,AFR9077,vi____,vi,intermediate_volcanic_rocks,within_polygon,0.0
MB18-109,Mbabaye et al. 2018 (Tanzania J. Science 44(3):72-92),"Meru, Arusha Region",Nkoanrua - Ambureni,Kwa Laizer,Spring,-3.3736,36.76317,1.6,,254.0,145.0,YES,NO,Elevation: 1349m,January-February 2015,2015,short_dry,66.80241919,-3.40985,36.79536,7.14,4405.279,860.083,16.12,104.086,5.386517060834667,AFR9077,vi____,vi,intermediate_volcanic_rocks,within_polygon,0.0
MB18-110,Mbabaye et al. 2018 (Tanzania J. Science 44(3):72-92),"Meru, Arusha Region",Nkoanrua - Shambarai,Machumba,Spring,-3.38834,36.7682,0.93,,260.0,157.0,NO,NO,Elevation: 1277m,January-February 2015,2015,short_dry,66.80241919,-3.40985,36.79536,7.14,4405.279,860.083,16.12,104.086,3.8483017570135627,AFR9077,vi____,vi,intermediate_volcanic_rocks,within_polygon,0.0
MB18-111,Mbabaye et al. 2018 (Tanzania J. Science 44(3):72-92),"Meru, Arusha Region",Nkoaranga - Ndulumanga,Ndulumanga A,Spring,-3.35465,36.8479,1.3,,248.0,136.4,NO,NO,Elevation: 1195m,January-February 2015,2015,short_dry,71.07786417,-3.34863,36.87573,6.383,3485.21,446.453,49.91,101.641,3.1609575795329996,AFR9077,vi____,vi,intermediate_volcanic_rocks,within_polygon,0.0
MB18-112,Mbabaye et al. 2018 (Tanzania J. Science 44(3):72-92),"Meru, Arusha Region",Nkoaranga - Ndulumanga,Ndulumanga B,Spring,-3.35357,36.84851,1.3,,250.0,137.5,NO,NO,Elevation: 1220m,January-February 2015,2015,short_dry,71.07786417,-3.34863,36.87573,6.383,3485.21,446.453,49.91,101.641,3.0710791031848204,AFR9077,vi____,vi,intermediate_volcanic_rocks,within_polygon,0.0
MB18-113,Mbabaye et al. 2018 (Tanzania J. Science 44(3):72-92),"Meru, Arusha Region",Nkoaranga - USA,Sangananu 1,Spring,-3.34111,36.8588,1.5,,194.0,106.81,NO,NO,Elevation: 1255m,January-February 2015,2015,short_dry,71.62697315,-3.34863,36.87573,6.383,3485.21,446.453,49.91,101.641,2.0569573942335784,AFR9077,vi____,vi,intermediate_volcanic_rocks,within_polygon,0.0
MB18-114,Mbabaye et al. 2018 (Tanzania J. Science 44(3):72-92),"Meru, Arusha Region",Nkoaranga - USA,Sangananu 2,Spring,-3.33925,36.86167,1.7,,189.0,104.01,YES,NO,Elevation: 1270m,January-February 2015,2015,short_dry,71.62697315,-3.34863,36.87573,6.383,3485.21,446.453,49.91,101.641,1.8771738966154143,AFR9077,vi____,vi,intermediate_volcanic_rocks,within_polygon,0.0
MB18-115,Mbabaye et al. 2018 (Tanzania J. Science 44(3):72-92),"Meru, Arusha Region",Nkoaranga - Nkoanekoli,Nkoanikole 1,Spring,-3.34034,36.85592,1.2,,219.0,120.45,NO,NO,Elevation: 1276m,January-February 2015,2015,short_dry,71.62697315,-3.34863,36.87573,6.383,3485.21,446.453,49.91,101.641,2.3844139553431454,AFR9077,vi____,vi,intermediate_volcanic_rocks,within_polygon,0.0
MB18-116,Mbabaye et al. 2018 (Tanzania J. Science 44(3):72-92),"Meru, Arusha Region",Nkoaranga - Nkoanekoli,Muralikoka 2,Spring,-3.33606,36.86441,5.0,,328.0,180.4,YES,YES,Elevation: 1277m,January-February 2015,2015,short_dry,71.62697315,-3.33308,36.88067,7.117,3551.811,582.023,44.78,91.943,1.8351348826233587,AFR9077,vi____,vi,intermediate_volcanic_rocks,within_polygon,0.0
MB18-117,Mbabaye et al. 2018 (Tanzania J. Science 44(3):72-92),"Meru, Arusha Region",Nkoaranga - Nkoanekoli,Usa River,River,-3.33545,36.86257,3.0,,232.0,127.6,YES,NO,Elevation: 1270m,January-February 2015,2015,short_dry,71.62697315,-3.33308,36.88067,7.117,3551.811,582.023,44.78,91.943,2.0264329152215206,AFR9077,vi____,vi,intermediate_volcanic_rocks,within_polygon,0.0
MB18-118,Mbabaye et al. 2018 (Tanzania J. Science 44(3):72-92),"Meru, Arusha Region",Nkoaranga - Nkoanekoli,Mraakare River,River,-3.33565,36.86317,4.9,,304.0,167.2,YES,YES,Elevation: 1275m,January-February 2015,2015,short_dry,71.62697315,-3.33308,36.88067,7.117,3551.811,582.023,44.78,91.943,1.9635265519102247,AFR9077,vi____,vi,intermediate_volcanic_rocks,within_polygon,0.0
MB18-119,Mbabaye et al. 2018 (Tanzania J. Science 44(3):72-92),"Meru, Arusha Region",Nkoaranga - Nshupu,Ngaresero Lodge,Spring,-3.35969,36.83775,1.6,,186.0,114.95,YES,NO,Elevation: 1235m,January-February 2015,2015,short_dry,71.07786417,-3.3338,36.82374,7.772,3197.227,1043.011,25.29,85.938,3.272052482256002,AFR9077,vi____,vi,intermediate_volcanic_rocks,within_polygon,0.0
MB18-120,Mbabaye et al. 2018 (Tanzania J. Science 44(3):72-92),"Meru, Arusha Region",Nkoaranga - Nshupu,Nak I,Spring,-3.36589,36.83671,1.6,,200.0,116.05,YES,NO,Elevation: 1205m,January-February 2015,2015,short_dry,71.07786417,-3.3338,36.82374,7.772,3197.227,1043.011,25.29,85.938,3.8477589087123816,AFR9077,vi____,vi,intermediate_volcanic_rocks,within_polygon,0.0
MB18-121,Mbabaye et al. 2018 (Tanzania J. Science 44(3):72-92),"Meru, Arusha Region",Nkoaranga - Nshupu,Nak II,Spring,-3.36633,36.83761,1.6,,209.0,116.6,YES,NO,Elevation: 1224m,January-February 2015,2015,short_dry,71.07786417,-3.3338,36.82374,7.772,3197.227,1043.011,25.29,85.938,3.9312153183080394,AFR9077,vi____,vi,intermediate_volcanic_rocks,within_polygon,0.0
MB18-122,Mbabaye et al. 2018 (Tanzania J. Science 44(3):72-92),"Meru, Arusha Region",Nkoaranga - Nshupu,Nak III,Spring,-3.36561,36.83869,1.7,,206.0,116.05,YES,NO,Elevation: 1205m,January-February 2015,2015,short_dry,71.07786417,-3.3338,36.82374,7.772,3197.227,1043.011,25.29,85.938,3.907072247983705,AFR9077,vi____,vi,intermediate_volcanic_rocks,within_polygon,0.0
MB18-123,Mbabaye et al. 2018 (Tanzania J. Science 44(3):72-92),"Meru, Arusha Region",Nkoarisambu - Mfulonyi,Kumu,Spring,-3.33834,36.77346,0.74,,153.0,83.99,NO,NO,Elevation: 1539m,January-February 2015,2015,short_dry,88.10014057,-3.3338,36.82374,7.772,3197.227,1043.011,25.29,85.938,5.604197839282983,AFR9077,vi____,vi,intermediate_volcanic_rocks,within_polygon,0.0
MB18-124,Mbabaye et al. 2018 (Tanzania J. Science 44(3):72-92),"Meru, Arusha Region",Nkoarisambu - Mfulonyi,Mfulonyi,Spring,-3.33834,36.77461,0.66,,151.0,82.83,NO,NO,Elevation: 1543m,January-February 2015,2015,short_dry,88.10014057,-3.3338,36.82374,7.772,3197.227,1043.011,25.29,85.938,5.477071254289559,AFR9077,vi____,vi,intermediate_volcanic_rocks,within_polygon,0.0
MB18-125,Mbabaye et al. 2018 (Tanzania J. Science 44(3):72-92),"Meru, Arusha Region",Nkoarisambu - Mfulonyi,Mfulonyi,Spring,-3.33881,36.77557,0.71,,156.0,85.58,NO,NO,Elevation: 1523m,January-February 2015,2015,short_dry,88.10014057,-3.3338,36.82374,7.772,3197.227,1043.011,25.29,85.938,5.3761301520713385,AFR9077,vi____,vi,intermediate_volcanic_rocks,within_polygon,0.0
MB18-126,Mbabaye et al. 2018 (Tanzania J. Science 44(3):72-92),"Meru, Arusha Region",Nkoarisambu - Mburu Kuku,Masee,Spring,-3.31503,36.77085,0.86,,116.0,70.35,NO,NO,Elevation: 1873m,January-February 2015,2015,short_dry,88.10014057,-3.3338,36.82374,7.772,3197.227,1043.011,25.29,85.938,6.231150565802892,AFR9077,vi____,vi,intermediate_volcanic_rocks,within_polygon,0.0
MB18-127,Mbabaye et al. 2018 (Tanzania J. Science 44(3):72-92),"Meru, Arusha Region",Poli - Poli,Mitateni,Spring,-3.35595,36.80382,2.2,,245.0,134.75,YES,NO,Elevation: 1297m,January-February 2015,2015,short_dry,71.07786417,-3.3338,36.82374,7.772,3197.227,1043.011,25.29,85.938,3.3099510114390713,AFR9077,vi____,vi,intermediate_volcanic_rocks,within_polygon,0.0
MB18-128,Mbabaye et al. 2018 (Tanzania J. Science 44(3):72-92),"Meru, Arusha Region",Poli - Poli,Makilele,Spring,-3.35542,36.80437,1.8,,265.0,145.75,YES,NO,Elevation: 1308m,January-February 2015,2015,short_dry,71.07786417,-3.3338,36.82374,7.772,3197.227,1043.011,25.29,85.938,3.2253172109822494,AFR9077,vi____,vi,intermediate_volcanic_rocks,within_polygon,0.0
MB18-129,Mbabaye et al. 2018 (Tanzania J. Science 44(3):72-92),"Meru, Arusha Region",Poli - Poli,Kuluwo,Spring,-3.3549,36.8054,1.7,,268.0,147.4,YES,NO,Elevation: 1310m,January-February 2015,2015,short_dry,71.07786417,-3.3338,36.82374,7.772,3197.227,1043.011,25.29,85.938,3.1063473964521338,AFR9077,vi____,vi,intermediate_volcanic_rocks,within_polygon,0.0
MB18-130,Mbabaye et al. 2018 (Tanzania J. Science 44(3):72-92),"Meru, Arusha Region",Poli - Poli,Kivulini,Spring,-3.3519,36.80667,0.82,,254.0,139.7,NO,NO,Elevation: 1306m,January-February 2015,2015,short_dry,71.07786417,-3.3338,36.82374,7.772,3197.227,1043.011,25.29,85.938,2.76427514307593,AFR9077,vi____,vi,intermediate_volcanic_rocks,within_polygon,0.0
MB18-131,Mbabaye et al. 2018 (Tanzania J. Science 44(3):72-92),"Meru, Arusha Region",Poli - Ndatu,Nkura,Spring,-3.35775,36.81234,0.87,,279.0,153.45,NO,NO,Elevation: 1274m,January-February 2015,2015,short_dry,71.07786417,-3.3338,36.82374,7.772,3197.227,1043.011,25.29,85.938,2.9484940124588714,AFR9077,vi____,vi,intermediate_volcanic_rocks,within_polygon,0.0
MB18-132,Mbabaye et al. 2018 (Tanzania J. Science 44(3):72-92),"Meru, Arusha Region",Poli - Ndatu,Karamu,Spring,-3.36393,36.82047,1.3,,289.0,158.95,NO,NO,Elevation: 1210m,January-February 2015,2015,short_dry,71.07786417,-3.3338,36.82374,7.772,3197.227,1043.011,25.29,85.938,3.3699141971676774,AFR9077,vi____,vi,intermediate_volcanic_rocks,within_polygon,0.0
MB18-133,Mbabaye et al. 2018 (Tanzania J. Science 44(3):72-92),"Meru, Arusha Region",Poli - Nshupu,Nak IV,Spring,-3.3663,36.83518,1.7,,215.0,119.35,YES,NO,Elevation: 1207m,January-February 2015,2015,short_dry,71.07786417,-3.3338,36.82374,7.772,3197.227,1043.011,25.29,85.938,3.830467472419372,AFR9077,vi____,vi,intermediate_volcanic_rocks,within_polygon,0.0
MB18-134,Mbabaye et al. 2018 (Tanzania J. Science 44(3):72-92),"Meru, Arusha Region",Poli - Nshupu,Nak V,Spring,-3.36628,36.83405,1.7,,217.0,120.45,YES,NO,Elevation: 1216m,January-February 2015,2015,short_dry,71.07786417,-3.3338,36.82374,7.772,3197.227,1043.011,25.29,85.938,3.788609953049687,AFR9077,vi____,vi,intermediate_volcanic_rocks,within_polygon,0.0
MB18-135,Mbabaye et al. 2018 (Tanzania J. Science 44(3):72-92),"Meru, Arusha Region",Seela Sing'isi - Poli,Uriro,Spring,-3.33921,36.7905,1.5,,177.0,97.57,NO,NO,Elevation: 1499m,January-February 2015,2015,short_dry,88.10014057,-3.3338,36.82374,7.772,3197.227,1043.011,25.29,85.938,3.7385749432172886,AFR9077,vi____,vi,intermediate_volcanic_rocks,within_polygon,0.0
MB18-136,Mbabaye et al. 2018 (Tanzania J. Science 44(3):72-92),"Meru, Arusha Region",Seela Sing'isi - Poli,Nasa,Spring,-3.33945,36.79296,1.1,,170.0,93.56,NO,NO,Elevation: 1489m,January-February 2015,2015,short_dry,88.10014057,-3.3338,36.82374,7.772,3197.227,1043.011,25.29,85.938,3.4740616810024,AFR9077,vi____,vi,intermediate_volcanic_rocks,within_polygon,0.0
MB18-137,Mbabaye et al. 2018 (Tanzania J. Science 44(3):72-92),"Meru, Arusha Region",Seela Sing'isi - Sing'isi,Kimath,Spring,-3.35834,36.79654,1.6,,207.0,93.15,YES,NO,Elevation: 1341m,January-February 2015,2015,short_dry,66.80241919,-3.3338,36.82374,7.772,3197.227,1043.011,25.29,85.938,4.069696175943869,AFR9077,vi____,vi,intermediate_volcanic_rocks,within_polygon,0.0
MB18-138,Mbabaye et al. 2018 (Tanzania J. Science 44(3):72-92),"Meru, Arusha Region",Seela Sing'isi - Sing'isi,Mavinuni Bridge,River,-3.35688,36.79362,1.5,,163.0,73.35,NO,NO,Elevation: 1341m,January-February 2015,2015,short_dry,66.80241919,-3.3338,36.82374,7.772,3197.227,1043.011,25.29,85.938,4.214882551563191,AFR9077,vi____,vi,intermediate_volcanic_rocks,within_polygon,0.0
MB18-139,Mbabaye et al. 2018 (Tanzania J. Science 44(3):72-92),"Meru, Arusha Region",Seela Sing'isi - Sing'isi,Seti,Spring,-3.36529,36.79794,1.6,,185.0,83.25,YES,NO,Elevation: 1295m,January-February 2015,2015,short_dry,66.80241919,-3.3338,36.82374,7.772,3197.227,1043.011,25.29,85.938,4.523587184383818,AFR9077,vi____,vi,intermediate_volcanic_rocks,within_polygon,0.0
MB18-140,Mbabaye et al. 2018 (Tanzania J. Science 44(3):72-92),"Meru, Arusha Region",Seela Sing'isi - Sing'isi,Kimafie,Spring,-3.36452,36.79818,1.3,,178.0,80.1,NO,NO,Elevation: 1281m,January-February 2015,2015,short_dry,66.80241919,-3.3338,36.82374,7.772,3197.227,1043.011,25.29,85.938,4.440572776437271,AFR9077,vi____,vi,intermediate_volcanic_rocks,within_polygon,0.0
MB18-141,Mbabaye et al. 2018 (Tanzania J. Science 44(3):72-92),"Meru, Arusha Region",Seela Sing'isi - Sing'isi,Tito,Spring,-3.36634,36.79798,1.2,,190.0,85.5,NO,NO,Elevation: 1285m,January-February 2015,2015,short_dry,66.80241919,-3.3338,36.82374,7.772,3197.227,1043.011,25.29,85.938,4.611799277310833,AFR9077,vi____,vi,intermediate_volcanic_rocks,within_polygon,0.0
MB18-142,Mbabaye et al. 2018 (Tanzania J. Science 44(3):72-92),"Meru, Arusha Region",Seela Sing'isi - Sing'isi,Metengoi,Spring,-3.37074,36.79625,1.3,,207.0,93.15,NO,NO,Elevation: 1271m,January-February 2015,2015,short_dry,66.80241919,-3.40985,36.79536,7.14,4405.279,860.083,16.12,104.086,4.349961529542784,AFR9077,vi____,vi,intermediate_volcanic_rocks,within_polygon,0.0
MB18-143,Mbabaye et al. 2018 (Tanzania J. Science 44(3):72-92),"Meru, Arusha Region",Songoro - Songoro,Rest House Arusha NP,River,-3.24957,36.84855,19.4,,1545.0,,YES,YES,Elevation: 1698m,January-February 2015,2015,short_dry,111.7688522,-3.3338,36.82374,7.772,3197.227,1043.011,25.29,85.938,9.762522447421297,AFR9077,vi____,vi,intermediate_volcanic_rocks,within_polygon,0.0
MB18-144,Mbabaye et al. 2018 (Tanzania J. Science 44(3):72-92),"Meru, Arusha Region",Usa River - Magadilisha 1,Chemchem 1,Spring,-3.35355,36.8561,1.2,,249.0,136.95,NO,NO,Elevation: 1222m,January-February 2015,2015,short_dry,66.46977615,-3.34863,36.87573,6.383,3485.21,446.453,49.91,101.641,2.246654272153808,AFR9077,vi____,vi,intermediate_volcanic_rocks,within_polygon,0.0
MB18-145,Mbabaye et al. 2018 (Tanzania J. Science 44(3):72-92),"Meru, Arusha Region",Usa River - Magadilisha 2,Chemchem 2,Spring,-3.35355,36.85355,1.3,,246.0,135.3,NO,NO,Elevation: 1224m,January-February 2015,2015,short_dry,66.46977615,-3.34863,36.87573,6.383,3485.21,446.453,49.91,101.641,2.5221383938541964,AFR9077,vi____,vi,intermediate_volcanic_rocks,within_polygon,0.0
MB18-146,Mbabaye et al. 2018 (Tanzania J. Science 44(3):72-92),"Meru, Arusha Region",Usa River - Magadilisha 3,Chemchem 3,Spring,-3.35474,36.85498,1.2,,246.0,135.3,NO,NO,Elevation: 1215m,January-February 2015,2015,short_dry,66.46977615,-3.34863,36.87573,6.383,3485.21,446.453,49.91,101.641,2.401460793428621,AFR9077,vi____,vi,intermediate_volcanic_rocks,within_polygon,0.0
KA18-01,Kaseva et al. 2018 (Civil and Environmental Research Vol.10 No.5),"Arusha city, Arusha Region",Arusha city,Kiranyi,Borehole,,,4.4,,,,YES,YES,Above TZ limit | GPS not published in paper - district level only,January-February 2015,2015,short_dry,,,,,,,,,,,,,,,
KA18-02,Kaseva et al. 2018 (Civil and Environmental Research Vol.10 No.5),"Arusha city, Arusha Region",Arusha city,Loruvarani Bondeni,Borehole,,,4.7,,,,YES,YES,Above TZ limit | GPS not published in paper - district level only,January-February 2015,2015,short_dry,,,,,,,,,,,,,,,
KA18-03,Kaseva et al. 2018 (Civil and Environmental Research Vol.10 No.5),"Arusha city, Arusha Region",Arusha city,Ilkoriti,Borehole,,,4.7,,,,YES,YES,Above TZ limit | GPS not published in paper - district level only,January-February 2015,2015,short_dry,,,,,,,,,,,,,,,
KA18-04,Kaseva et al. 2018 (Civil and Environmental Research Vol.10 No.5),"Arusha city, Arusha Region",Arusha city,Sombetini,Borehole,,,5.2,,,,YES,YES,Above TZ limit | GPS not published in paper - district level only,January-February 2015,2015,short_dry,,,,,,,,,,,,,,,
KA18-05,Kaseva et al. 2018 (Civil and Environmental Research Vol.10 No.5),"Arusha city, Arusha Region",Arusha city,Ilkiulei,Borehole,,,5.4,,,,YES,YES,Above TZ limit | GPS not published in paper - district level only,January-February 2015,2015,short_dry,,,,,,,,,,,,,,,
KA18-06,Kaseva et al. 2018 (Civil and Environmental Research Vol.10 No.5),"Arusha city, Arusha Region",Arusha city,Sakina,Borehole,,,5.7,,,,YES,YES,Above TZ limit | GPS not published in paper - district level only,January-February 2015,2015,short_dry,,,,,,,,,,,,,,,
KA18-07,Kaseva et al. 2018 (Civil and Environmental Research Vol.10 No.5),"Arusha city, Arusha Region",Arusha city,Mianzini,Borehole,,,8.1,,,,YES,YES,Above TZ limit | GPS not published in paper - district level only,January-February 2015,2015,short_dry,,,,,,,,,,,,,,,
KA18-08,Kaseva et al. 2018 (Civil and Environmental Research Vol.10 No.5),"Arusha city, Arusha Region",Arusha city,Ilboru,Borehole,,,8.2,,,,YES,YES,Above TZ limit | GPS not published in paper - district level only,January-February 2015,2015,short_dry,,,,,,,,,,,,,,,
KA18-09,Kaseva et al. 2018 (Civil and Environmental Research Vol.10 No.5),"Karatu, Arusha Region",Karatu,Karatu,Dam,,,5.2,,,,YES,YES,Above TZ limit | GPS not published in paper - district level only,January-February 2015,2015,short_dry,,,,,,,,,,,,,,,
KA18-10,Kaseva et al. 2018 (Civil and Environmental Research Vol.10 No.5),"Karatu, Arusha Region",Karatu,Shuleni,Shallow well,,,2.5,,,,YES,NO,Within TZ limit | GPS not published in paper - district level only,January-February 2015,2015,short_dry,,,,,,,,,,,,,,,
KA18-11,Kaseva et al. 2018 (Civil and Environmental Research Vol.10 No.5),"Karatu, Arusha Region",Karatu,Darajani,Borehole,,,2.0,,,,YES,NO,Within TZ limit | GPS not published in paper - district level only,January-February 2015,2015,short_dry,,,,,,,,,,,,,,,
KA18-12,Kaseva et al. 2018 (Civil and Environmental Research Vol.10 No.5),"Karatu, Arusha Region",Karatu,Lositete Primary,Spring,,,3.7,,,,YES,NO,Within TZ limit | GPS not published in paper - district level only,January-February 2015,2015,short_dry,,,,,,,,,,,,,,,
KA18-13,Kaseva et al. 2018 (Civil and Environmental Research Vol.10 No.5),"Longido, Arusha Region",Longido,Birika,Borehole,,,4.3,,,,YES,YES,Above TZ limit | GPS not published in paper - district level only,January-February 2015,2015,short_dry,,,,,,,,,,,,,,,
KA18-14,Kaseva et al. 2018 (Civil and Environmental Research Vol.10 No.5),"Longido, Arusha Region",Longido,Darajani Namanga,Borehole,,,4.1,,,,YES,YES,Above TZ limit | GPS not published in paper - district level only,January-February 2015,2015,short_dry,,,,,,,,,,,,,,,
KA18-15,Kaseva et al. 2018 (Civil and Environmental Research Vol.10 No.5),"Longido, Arusha Region",Longido,Matiani,Borehole,,,11.0,,,,YES,YES,Above TZ limit | GPS not published in paper - district level only,January-February 2015,2015,short_dry,,,,,,,,,,,,,,,
KA18-16,Kaseva et al. 2018 (Civil and Environmental Research Vol.10 No.5),"Longido, Arusha Region",Longido,Kimokoa,Dam,,,10.0,,,,YES,YES,Above TZ limit | GPS not published in paper - district level only,January-February 2015,2015,short_dry,,,,,,,,,,,,,,,
KA18-17,Kaseva et al. 2018 (Civil and Environmental Research Vol.10 No.5),"Longido, Arusha Region",Longido,Engikaret,Spring,,,6.0,,,,YES,YES,Above TZ limit | GPS not published in paper - district level only,January-February 2015,2015,short_dry,,,,,,,,,,,,,,,
KA18-18,Kaseva et al. 2018 (Civil and Environmental Research Vol.10 No.5),"Monduli, Arusha Region",Monduli,Lake Manyara,Lake,,,18.0,,,,YES,YES,FAR above limit | GPS not published in paper - district level only,January-February 2015,2015,short_dry,,,,,,,,,,,,,,,
KA18-19,Kaseva et al. 2018 (Civil and Environmental Research Vol.10 No.5),"Monduli, Arusha Region",Monduli,Kipok,Dam,,,12.0,,,,YES,YES,Above TZ limit | GPS not published in paper - district level only,January-February 2015,2015,short_dry,,,,,,,,,,,,,,,
KA18-20,Kaseva et al. 2018 (Civil and Environmental Research Vol.10 No.5),"Monduli, Arusha Region",Monduli,Emairete,Dam,,,7.8,,,,YES,YES,Above TZ limit | GPS not published in paper - district level only,January-February 2015,2015,short_dry,,,,,,,,,,,,,,,
KA18-21,Kaseva et al. 2018 (Civil and Environmental Research Vol.10 No.5),"Monduli, Arusha Region",Monduli,Manyara ranch,Dam,,,7.5,,,,YES,YES,Above TZ limit | GPS not published in paper - district level only,January-February 2015,2015,short_dry,,,,,,,,,,,,,,,
KA18-22,Kaseva et al. 2018 (Civil and Environmental Research Vol.10 No.5),"Monduli, Arusha Region",Monduli,Kipo G/School tap,Spring,,,5.1,,,,YES,YES,Above TZ limit | GPS not published in paper - district level only,January-February 2015,2015,short_dry,,,,,,,,,,,,,,,
KA18-23,Kaseva et al. 2018 (Civil and Environmental Research Vol.10 No.5),"Meru, Arusha Region",Meru,Meru dam,Dam,,,38.0,,,,YES,YES,Extreme - unsafe | GPS not published in paper - district level only,January-February 2015,2015,short_dry,,,,,,,,,,,,,,,
BY23-01,"Banyikwa 2023 (Scientific African 21, e01783, DOI: 10.1016/j.sciaf.2023.e01783)","Chemba, Dodoma Region",Chemba,Chemba district summary (26 samples),District aggregate (borehole/deep well),-4.98,35.99,0.87,,,,PARTIAL,YES,DISTRICT AGGREGATE - n=26 samples | F range: 0.11-7.3 mg/L | Mean±SD: 0.87±1.67 | 7.69% above WHO limit | Individual GPS: email andrew.banyikwa@udom.ac.tz,January-February 2015,2015,short_dry,107.3635912,-4.97519,35.94202,5.982,583.751,180.143,6.3,111.859,5.34186255691889,AFR7274,mt____,mt,metamorphic_rocks,within_polygon,0.0
BY23-02,"Banyikwa 2023 (Scientific African 21, e01783, DOI: 10.1016/j.sciaf.2023.e01783)","Kondoa, Dodoma Region",Kondoa,Kondoa district summary (23 samples),District aggregate (borehole/deep well),-4.9,35.78,0.48,,,,NO,NO,DISTRICT AGGREGATE - n=23 samples | F range: 0.11-0.9 mg/L | Mean±SD: 0.48±0.21 | 0.0% above WHO limit | Individual GPS: email andrew.banyikwa@udom.ac.tz,January-February 2015,2015,short_dry,130.7382584,-4.84394,35.79538,7.431,514.502,105.261,2.4,53.732,6.46230160726292,AFR7274,mt____,mt,metamorphic_rocks,within_polygon,0.0
BY23-03,"Banyikwa 2023 (Scientific African 21, e01783, DOI: 10.1016/j.sciaf.2023.e01783)","Kongwa, Dodoma Region",Kongwa,Kongwa district summary (19 samples),District aggregate (borehole/deep well),-6.2,36.42,0.46,,,,NO,NO,DISTRICT AGGREGATE - n=19 samples | F range: 0.17-0.89 mg/L | Mean±SD: 0.46±0.25 | 0.0% above WHO limit | Individual GPS: email andrew.banyikwa@udom.ac.tz,January-February 2015,2015,short_dry,165.3817639,-6.12614,36.43993,8.039,3559.984,818.332,8.47,59.581,8.503280754084788,AFR7274,mt____,mt,metamorphic_rocks,within_polygon,0.0
BY23-04,"Banyikwa 2023 (Scientific African 21, e01783, DOI: 10.1016/j.sciaf.2023.e01783)","Chamwino, Dodoma Region",Chamwino,Chamwino district summary (46 samples),District aggregate (borehole/deep well),-6.15,35.55,0.59,,,,NO,NO,DISTRICT AGGREGATE - n=46 samples | F range: 0.06-1.01 mg/L | Mean±SD: 0.59±0.2 | 0.0% above WHO limit | Individual GPS: email andrew.banyikwa@udom.ac.tz,January-February 2015,2015,short_dry,185.5747819,-6.38476,35.63205,5.664,330.205,95.497,6.35,81.264,27.634654894781495,AFR7274,mt____,mt,metamorphic_rocks,within_polygon,0.0
BY23-05,"Banyikwa 2023 (Scientific African 21, e01783, DOI: 10.1016/j.sciaf.2023.e01783)","Mpwapwa, Dodoma Region",Mpwapwa,Mpwapwa district summary (15 samples),District aggregate (borehole/deep well),-6.35,36.49,0.36,,,,NO,NO,DISTRICT AGGREGATE - n=15 samples | F range: 0.06-0.8 mg/L | Mean±SD: 0.36±0.23 | 0.0% above WHO limit | Individual GPS: email andrew.banyikwa@udom.ac.tz,January-February 2015,2015,short_dry,198.3944516,-6.38639,36.46404,6.86,615.332,227.245,6.12,94.033,4.960176425246648,AFR7274,mt____,mt,metamorphic_rocks,within_polygon,0.0
BY23-06,"Banyikwa 2023 (Scientific African 21, e01783, DOI: 10.1016/j.sciaf.2023.e01783)","Dodoma Urban, Dodoma Region",Dodoma Urban,Dodoma Urban district summary (26 samples),District aggregate (borehole/deep well),-6.173,35.739,0.64,,,,NO,NO,DISTRICT AGGREGATE - n=26 samples | F range: 0.22-1.02 mg/L | Mean±SD: 0.64±0.38 | 0.0% above WHO limit | Individual GPS: email andrew.banyikwa@udom.ac.tz,January-February 2015,2015,short_dry,209.2075384,-6.3788,35.67198,6.396,895.54,205.265,5.56,100.242,24.053025113478146,AFR7274,mt____,mt,metamorphic_rocks,within_polygon,0.0
