sample_id,source_paper,district_region,ward_location,site_name,source_type,latitude,longitude,fluoride_mg_L,pH,EC_uS_cm,TDS_ppm,above_WHO_limit_1_5,above_TZ_limit_4_0,notes,sample_collection_date,year,season,total_season_rain,glim_id,lithology_code,lithology_class,lithology_detail,soil_ph,calcium_extractable,magnesium_extractable,carbon_organic,iron_extractable,distance_to_soil
CB23-01,"Chondo & Banyikwa 2023 (Data in Brief, DOI: 10.1016/j.dib.2023.109239)",Dodoma,DODOMA-NORTH-SOUTH,KIKILO,Groundwater/borehole,-4.54425,35.698017,0.02,8.27,145,83.4,NO,NO,Nitrate: 16.3 ppm,2021 - 2022,2022,long_dry,8.983363792,AFR7274,mt,metamorphic_rocks,mt____,,,,,,16716.75865
CB23-02,"Chondo & Banyikwa 2023 (Data in Brief, DOI: 10.1016/j.dib.2023.109239)",Dodoma,DODOMA-NORTH-SOUTH,KOLOWASI,Groundwater/borehole,-4.7367,35.8275,1.04,7.83,897,434,NO,NO,Nitrate: 21.8 ppm,2021 - 2022,2022,long_dry,9.194503918,AFR7274,mt,metamorphic_rocks,mt____,6.49,1622.835,445.134,7.26,133.015,603.575246
CB23-03,"Chondo & Banyikwa 2023 (Data in Brief, DOI: 10.1016/j.dib.2023.109239)",Dodoma,DODOMA-NORTH-SOUTH,BICHA,Groundwater/borehole,-4.91865,35.805867,0.77,8.15,1085,530,NO,NO,Nitrate: 9.8 ppm,2021 - 2022,2022,long_dry,8.906698413,AFR7274,mt,metamorphic_rocks,mt____,,,,,,3492.332635
CB23-04,"Chondo & Banyikwa 2023 (Data in Brief, DOI: 10.1016/j.dib.2023.109239)",Dodoma,DODOMA-NORTH-SOUTH,CHEMBA,Groundwater/borehole,-5.2335,35.891483,1.1,7.57,488,36,NO,NO,Nitrate: 47.0 ppm,2021 - 2022,2022,long_dry,14.47844601,AFR7274,mt,metamorphic_rocks,mt____,5.881,650.844,152.177,5.17,90.253,195.0469375
CB23-05,"Chondo & Banyikwa 2023 (Data in Brief, DOI: 10.1016/j.dib.2023.109239)",Dodoma,DODOMA-NORTH-SOUTH,CHENENE,Groundwater/borehole,-5.570383,35.844567,0.88,8.2,914,464,NO,NO,Nitrate: 12.7 ppm,2021 - 2022,2022,long_dry,15.75067792,AFR7274,mt,metamorphic_rocks,mt____,,,,,,36385.60116
CB23-06,"Chondo & Banyikwa 2023 (Data in Brief, DOI: 10.1016/j.dib.2023.109239)",Dodoma,DODOMA-NORTH-SOUTH,MAYAMAYA,Groundwater/borehole,-5.792633,35.801617,2.01,8.28,967,546,YES,NO,Nitrate: 8.3 ppm,2021 - 2022,2022,long_dry,5.705522911,AFR7274,mt,metamorphic_rocks,mt____,,,,,,40387.86943
CB23-07,"Chondo & Banyikwa 2023 (Data in Brief, DOI: 10.1016/j.dib.2023.109239)",Dodoma,DODOMA-NORTH-SOUTH,ZANKA,Groundwater/borehole,-5.84645,35.761967,1.29,8.18,1074,553,NO,NO,Nitrate: 18.7 ppm,2021 - 2022,2022,long_dry,1.510715805,AFR7274,mt,metamorphic_rocks,mt____,,,,,,40442.48695
CB23-08,"Chondo & Banyikwa 2023 (Data in Brief, DOI: 10.1016/j.dib.2023.109239)",Dodoma,DODOMA-NORTH-SOUTH,WEYULA,Groundwater/borehole,-6.026067,35.7547,1.22,7.83,2891,1493,NO,NO,Nitrate: 22.3 ppm,2021 - 2022,2022,long_dry,0.068556556,AFR7274,mt,metamorphic_rocks,mt____,,,,,,35573.02103
CB23-09,"Chondo & Banyikwa 2023 (Data in Brief, DOI: 10.1016/j.dib.2023.109239)",Dodoma,DODOMA-NORTH-SOUTH,KISASA,Groundwater/borehole,-6.1695,35.786883,0.98,8.1,1008,529,NO,NO,Nitrate: 28.4 ppm,2021 - 2022,2022,long_dry,0.122097176,AFR7274,mt,metamorphic_rocks,mt____,,,,,,26427.64939
CB23-10,"Chondo & Banyikwa 2023 (Data in Brief, DOI: 10.1016/j.dib.2023.109239)",Dodoma,DODOMA-NORTH-SOUTH,UGUZI,Groundwater/borehole,-6.136217,36.04055,0.99,8.24,1308,670,NO,NO,Nitrate: 123.0 ppm,2021 - 2022,2022,long_dry,0.164791495,AFR7274,mt,metamorphic_rocks,mt____,,,,,,6725.424136
CB23-11,"Chondo & Banyikwa 2023 (Data in Brief, DOI: 10.1016/j.dib.2023.109239)",Dodoma,DODOMA-NORTH-SOUTH,KALEMSO,Groundwater/borehole,-6.498217,35.83785,1.06,7.76,1715,877,NO,NO,Nitrate: 26.3 ppm,2021 - 2022,2022,long_dry,0.080135351,AFR7274,mt,metamorphic_rocks,mt____,,,,,,15607.68146
CB23-12,"Chondo & Banyikwa 2023 (Data in Brief, DOI: 10.1016/j.dib.2023.109239)",Dodoma,DODOMA-NORTH-SOUTH,MANZASE,Groundwater/borehole,-6.607633,35.930283,0.9,7.68,3999,2110,NO,NO,Nitrate: 194.8 ppm,2021 - 2022,2022,long_dry,3.543186918,AFR7274,mt,metamorphic_rocks,mt____,,,,,,29885.2978
CB23-13,"Chondo & Banyikwa 2023 (Data in Brief, DOI: 10.1016/j.dib.2023.109239)",Dodoma,DODOMA-NORTH-SOUTH,CHIPOBORO,Groundwater/borehole,-6.8617,36.040033,1.79,8.35,2483,1260,YES,NO,Nitrate: 35.5 ppm,2021 - 2022,2022,long_dry,0.080301101,AFR7274,mt,metamorphic_rocks,mt____,,,,,,5606.53779
CB23-14,"Chondo & Banyikwa 2023 (Data in Brief, DOI: 10.1016/j.dib.2023.109239)",Dodoma,DODOMA-NORTH-SOUTH,MAKUTAPORA,Groundwater/borehole,-7.140183,35.895467,1.15,8.15,3213,1610,NO,NO,Nitrate: 21.5 ppm,2021 - 2022,2022,long_dry,0.636852053,AFR7274,mt,metamorphic_rocks,mt____,,,,,,13351.51321
CB23-15,"Chondo & Banyikwa 2023 (Data in Brief, DOI: 10.1016/j.dib.2023.109239)",Dodoma,DODOMA-EAST-WEST,UKWAMANI,Groundwater/borehole,-6.137867,36.850883,0.28,8.31,160,83.6,NO,NO,Nitrate: 17.1 ppm,2021 - 2022,2022,long_dry,24.45140695,AFR7274,mt,metamorphic_rocks,mt____,,,,,,7399.856626
CB23-16,"Chondo & Banyikwa 2023 (Data in Brief, DOI: 10.1016/j.dib.2023.109239)",Dodoma,DODOMA-EAST-WEST,AZIMIO,Groundwater/borehole,-6.08265,36.580233,1.98,8.09,1800,996,YES,NO,Nitrate: 13.1 ppm,2021 - 2022,2022,long_dry,11.01318677,AFR7274,mt,metamorphic_rocks,mt____,,,,,,6591.199017
CB23-17,"Chondo & Banyikwa 2023 (Data in Brief, DOI: 10.1016/j.dib.2023.109239)",Dodoma,DODOMA-EAST-WEST,MBANDE,Groundwater/borehole,-6.103867,36.32095,0.25,7.95,4012,2530,NO,NO,Nitrate: 295.8 ppm,2021 - 2022,2022,long_dry,0.644720567,AFR7274,mt,metamorphic_rocks,mt____,,,,,,5209.037465
CB23-18,"Chondo & Banyikwa 2023 (Data in Brief, DOI: 10.1016/j.dib.2023.109239)",Dodoma,DODOMA-EAST-WEST,UGUZI,Groundwater/borehole,-6.136217,36.04055,0.99,8.24,1308,670,NO,NO,Nitrate: 123.0 ppm,2021 - 2022,2022,long_dry,0.164791495,AFR7274,mt,metamorphic_rocks,mt____,,,,,,6725.424136
CB23-19,"Chondo & Banyikwa 2023 (Data in Brief, DOI: 10.1016/j.dib.2023.109239)",Dodoma,DODOMA-EAST-WEST,KISASA,Groundwater/borehole,-6.1695,35.786883,0.98,8.1,1008,529,NO,NO,Nitrate: 28.4 ppm,2021 - 2022,2022,long_dry,0.122097176,AFR7274,mt,metamorphic_rocks,mt____,,,,,,26427.64939
CB23-20,"Chondo & Banyikwa 2023 (Data in Brief, DOI: 10.1016/j.dib.2023.109239)",Dodoma,DODOMA-EAST-WEST,NALA,Groundwater/borehole,-6.08925,35.61405,1.34,8.12,1063,547,NO,NO,Nitrate: 44.5 ppm,2021 - 2022,2022,long_dry,0.071075343,AFR7274,mt,metamorphic_rocks,mt____,,,,,,32677.54628
CB23-21,"Chondo & Banyikwa 2023 (Data in Brief, DOI: 10.1016/j.dib.2023.109239)",Dodoma,DODOMA-EAST-WEST,MPAMANTWA,Groundwater/borehole,-5.992833,35.3765,0.58,7.63,395,210,NO,NO,Nitrate: 27.9 ppm,2021 - 2022,2022,long_dry,0.028742376,AFR7274,mt,metamorphic_rocks,mt____,,,,,,36832.80218
CB23-22,"Chondo & Banyikwa 2023 (Data in Brief, DOI: 10.1016/j.dib.2023.109239)",Dodoma,DODOMA-EAST-WEST,BAHI,Groundwater/borehole,-5.9515,35.309833,1.18,7.53,338,185,NO,NO,Nitrate: 14.5 ppm,2021 - 2022,2022,long_dry,0.020623698,AFR9465,su,unconsolidated_sediments,suad__,,,,,,34946.04064
CB23-23,"Chondo & Banyikwa 2023 (Data in Brief, DOI: 10.1016/j.dib.2023.109239)",Singida,SINGIDA-NORTH-SOUTH,SHELUI,Groundwater/borehole,-4.359367,34.20115,1.07,7.74,1043,563,NO,NO,Nitrate: 2.5 ppm,2021 - 2022,2022,long_dry,0.689194072,AFR9225,su,unconsolidated_sediments,suad__,7.892,2360.506,404.502,6.76,98.747,746.9872849
CB23-24,"Chondo & Banyikwa 2023 (Data in Brief, DOI: 10.1016/j.dib.2023.109239)",Singida,SINGIDA-NORTH-SOUTH,YALAGANO,Groundwater/borehole,-4.4081,34.397817,1.74,7.73,1678,755,YES,NO,Nitrate: 9.7 ppm,2021 - 2022,2022,long_dry,7.694746591,AFR7274,mt,metamorphic_rocks,mt____,5.699,439.692,168.379,3.52,79.865,530.0661891
CB23-25,"Chondo & Banyikwa 2023 (Data in Brief, DOI: 10.1016/j.dib.2023.109239)",Singida,SINGIDA-NORTH-SOUTH,KYEGENGE,Groundwater/borehole,-4.427283,34.4732,0.38,6.97,160,93.1,NO,NO,Nitrate: 0.7 ppm,2021 - 2022,2022,long_dry,8.589646086,AFR7274,mt,metamorphic_rocks,mt____,,,,,,8869.918202
CB23-26,"Chondo & Banyikwa 2023 (Data in Brief, DOI: 10.1016/j.dib.2023.109239)",Singida,SINGIDA-NORTH-SOUTH,TUMULI,Groundwater/borehole,-5.0753,32.694317,2.39,7.78,996,528,YES,NO,Nitrate: 40.5 ppm,2021 - 2022,2022,long_dry,10.57762268,AFR7274,mt,metamorphic_rocks,mt____,,,,,,91900.1656
CB23-27,"Chondo & Banyikwa 2023 (Data in Brief, DOI: 10.1016/j.dib.2023.109239)",Singida,SINGIDA-NORTH-SOUTH,MILADE,Groundwater/borehole,-4.601567,34.587883,1.66,8.08,1300,637,YES,NO,Nitrate: 2.0 ppm,2021 - 2022,2022,long_dry,6.956260204,AFR9354,su,unconsolidated_sediments,suad__,,,,,,10507.08147
CB23-28,"Chondo & Banyikwa 2023 (Data in Brief, DOI: 10.1016/j.dib.2023.109239)",Singida,SINGIDA-NORTH-SOUTH,MSINKO,Groundwater/borehole,-4.642267,34.6611,1.9,7.64,698,177,YES,NO,Nitrate: 10.0 ppm,2021 - 2022,2022,long_dry,6.214540651,AFR7274,mt,metamorphic_rocks,mt____,,,,,,2752.028
CB23-29,"Chondo & Banyikwa 2023 (Data in Brief, DOI: 10.1016/j.dib.2023.109239)",Singida,SINGIDA-NORTH-SOUTH,SAGARA,Groundwater/borehole,-4.687333,35.105183,0.16,7.65,48,31.2,NO,NO,Nitrate: 1.8 ppm,2021 - 2022,2022,long_dry,7.014407177,AFR9346,ss,siliciclastic_sedimentary_rocks,ssmx__,,,,,,9984.757911
CB23-30,"Chondo & Banyikwa 2023 (Data in Brief, DOI: 10.1016/j.dib.2023.109239)",Singida,SINGIDA-NORTH-SOUTH,ITAJA,Groundwater/borehole,-4.711033,35.068133,2.28,8.22,1229,743,YES,NO,Nitrate: 20.0 ppm,2021 - 2022,2022,long_dry,7.3038808,AFR7274,mt,metamorphic_rocks,mt____,,,,,,8547.182922
CB23-31,"Chondo & Banyikwa 2023 (Data in Brief, DOI: 10.1016/j.dib.2023.109239)",Singida,SINGIDA-NORTH-SOUTH,MSIKII,Groundwater/borehole,-4.8095,34.9292,0.22,6.84,36.1,18.1,NO,NO,Nitrate: 11.7 ppm,2021 - 2022,2022,long_dry,9.41876407,AFR7274,mt,metamorphic_rocks,mt____,,,,,,3469.592549
CB23-32,"Chondo & Banyikwa 2023 (Data in Brief, DOI: 10.1016/j.dib.2023.109239)",Singida,SINGIDA-NORTH-SOUTH,MGHAMO,Groundwater/borehole,-4.8315,34.903017,0.39,6.5,258,127,NO,NO,Nitrate: 43.7 ppm,2021 - 2022,2022,long_dry,9.41876407,AFR7274,mt,metamorphic_rocks,mt____,,,,,,2258.181004
CB23-33,"Chondo & Banyikwa 2023 (Data in Brief, DOI: 10.1016/j.dib.2023.109239)",Singida,SINGIDA-NORTH-SOUTH,KISASIDA,Groundwater/borehole,-4.82925,34.8185,0.19,7.31,257,160,NO,NO,Nitrate: 7.31 ppm,2021 - 2022,2022,long_dry,2.380850665,AFR7274,mt,metamorphic_rocks,mt____,,,,,,5867.417889
CB23-34,"Chondo & Banyikwa 2023 (Data in Brief, DOI: 10.1016/j.dib.2023.109239)",Singida,SINGIDA-NORTH-SOUTH,KITITIMO,Groundwater/borehole,-4.825817,34.776233,0.2,6.68,452,226,NO,NO,Nitrate: 22.3 ppm,2021 - 2022,2022,long_dry,1.351866346,AFR7274,mt,metamorphic_rocks,mt____,,,,,,1171.028017
CB23-35,"Chondo & Banyikwa 2023 (Data in Brief, DOI: 10.1016/j.dib.2023.109239)",Singida,SINGIDA-NORTH-SOUTH,MAHEMBE,Groundwater/borehole,-4.832333,34.752233,0.39,8.01,384,193,NO,NO,Nitrate: 13.6 ppm,2021 - 2022,2022,long_dry,1.351866346,AFR7274,mt,metamorphic_rocks,mt____,,,,,,1406.961583
CB23-36,"Chondo & Banyikwa 2023 (Data in Brief, DOI: 10.1016/j.dib.2023.109239)",Singida,SINGIDA-NORTH-SOUTH,IGITUKA,Groundwater/borehole,-5.1127,34.767033,0,7.68,189,107,NO,NO,Nitrate: 20.2 ppm,2021 - 2022,2022,long_dry,0.613183891,AFR7274,mt,metamorphic_rocks,mt____,,,,,,9794.124129
CB23-37,"Chondo & Banyikwa 2023 (Data in Brief, DOI: 10.1016/j.dib.2023.109239)",Singida,SINGIDA-NORTH-SOUTH,MAYUTA,Groundwater/borehole,-5.341267,34.772667,2.45,7.58,1303,693,YES,NO,Nitrate: 3.8 ppm,2021 - 2022,2022,long_dry,3.056677854,AFR7274,mt,metamorphic_rocks,mt____,7.956,6095.038,813.071,8.15,58.496,979.6480786
CB23-38,"Chondo & Banyikwa 2023 (Data in Brief, DOI: 10.1016/j.dib.2023.109239)",Singida,SINGIDA-NORTH-SOUTH,AGONDI,Groundwater/borehole,-5.722117,34.698133,2.59,8.43,375,150,YES,NO,Nitrate: 47.0 ppm,2021 - 2022,2022,long_dry,1.796059863,AFR9437,ss,siliciclastic_sedimentary_rocks,ssmx__,,,,,,5904.303045
CB23-39,"Chondo & Banyikwa 2023 (Data in Brief, DOI: 10.1016/j.dib.2023.109239)",Singida,SINGIDA-EAST-WEST,MAWENI,Groundwater/borehole,-5.879733,35.1252,0.37,8.11,335,183,NO,NO,Nitrate: 29.8 ppm,2021 - 2022,2022,long_dry,0.011265388,AFR9465,su,unconsolidated_sediments,suad__,,,,,,21185.08795
CB23-40,"Chondo & Banyikwa 2023 (Data in Brief, DOI: 10.1016/j.dib.2023.109239)",Singida,SINGIDA-EAST-WEST,SOLYA,Groundwater/borehole,-5.82885,34.966967,1.87,8.18,1064,539,YES,NO,Nitrate: 17.6 ppm,2021 - 2022,2022,long_dry,0.307970369,AFR7274,mt,metamorphic_rocks,mt____,,,,,,12215.13284
CB23-41,"Chondo & Banyikwa 2023 (Data in Brief, DOI: 10.1016/j.dib.2023.109239)",Singida,SINGIDA-EAST-WEST,TAMBUKARELI,Groundwater/borehole,-5.755567,34.8416,1.77,7.85,774,407,YES,NO,Nitrate: 33.4 ppm,2021 - 2022,2022,long_dry,1.813819192,AFR7274,mt,metamorphic_rocks,mt____,,,,,,5460.514569
CB23-42,"Chondo & Banyikwa 2023 (Data in Brief, DOI: 10.1016/j.dib.2023.109239)",Singida,SINGIDA-EAST-WEST,AGONDI,Groundwater/borehole,-5.722117,34.698133,2.59,8.43,375,150,YES,NO,Nitrate: 47.0 ppm,2021 - 2022,2022,long_dry,1.796059863,AFR9437,ss,siliciclastic_sedimentary_rocks,ssmx__,,,,,,5904.303045
CB23-43,"Chondo & Banyikwa 2023 (Data in Brief, DOI: 10.1016/j.dib.2023.109239)",Singida,SINGIDA-EAST-WEST,PENTAGONI,Groundwater/borehole,-5.696733,34.494033,0.18,8.06,209,118,NO,NO,Nitrate: 15.4 ppm,2021 - 2022,2022,long_dry,6.61955045,AFR9437,ss,siliciclastic_sedimentary_rocks,ssmx__,7.0615,3177.8365,647.976,14.26,160.374,535.7938033
CB23-44,"Chondo & Banyikwa 2023 (Data in Brief, DOI: 10.1016/j.dib.2023.109239)",Singida,SINGIDA-EAST-WEST,KAZIKAZI,Groundwater/borehole,-5.591333,34.234017,0.21,7.84,447,225,NO,NO,Nitrate: 7.1 ppm,2021 - 2022,2022,long_dry,8.525287464,AFR9437,ss,siliciclastic_sedimentary_rocks,ssmx__,,,,,,25379.36764
CB23-45,"Chondo & Banyikwa 2023 (Data in Brief, DOI: 10.1016/j.dib.2023.109239)",Tabora,TABORA-NORTH-SOUTH,KITONGO,Groundwater/borehole,-4.212517,33.185417,0.64,7.56,661,21.9,NO,NO,Nitrate: 62.3 ppm,2021 - 2022,2022,long_dry,5.690931022,AFR7274,mt,metamorphic_rocks,mt____,,,,,,35019.70206
CB23-46,"Chondo & Banyikwa 2023 (Data in Brief, DOI: 10.1016/j.dib.2023.109239)",Tabora,TABORA-NORTH-SOUTH,UPUNGU,Groundwater/borehole,-4.7247,33.1646,0.5,7.78,234,134.5,NO,NO,Nitrate: 1.5 ppm,2021 - 2022,2022,long_dry,6.677893393,AFR7274,mt,metamorphic_rocks,mt____,,,,,,73539.05503
CB23-47,"Chondo & Banyikwa 2023 (Data in Brief, DOI: 10.1016/j.dib.2023.109239)",Tabora,TABORA-NORTH-SOUTH,MAYOMBO,Groundwater/borehole,-4.961767,33.006767,0.01,7.22,187,110,NO,NO,Nitrate: 6.6 ppm,2021 - 2022,2022,long_dry,10.38272705,AFR7274,mt,metamorphic_rocks,mt____,,,,,,87293.90731
CB23-48,"Chondo & Banyikwa 2023 (Data in Brief, DOI: 10.1016/j.dib.2023.109239)",Tabora,TABORA-NORTH-SOUTH,KIZIGO,Groundwater/borehole,-5.047633,32.8003,0.78,8,345,216,NO,NO,Nitrate: 2.4 ppm,2021 - 2022,2022,long_dry,10.38599956,AFR7274,mt,metamorphic_rocks,mt____,,,,,,90051.65102
CB23-49,"Chondo & Banyikwa 2023 (Data in Brief, DOI: 10.1016/j.dib.2023.109239)",Tabora,TABORA-NORTH-SOUTH,KWIHARA,Groundwater/borehole,-5.0685,32.785283,0.25,7.55,142,95.7,NO,NO,Nitrate: 1.9 ppm,2021 - 2022,2022,long_dry,11.62921065,AFR7274,mt,metamorphic_rocks,mt____,,,,,,92069.37532
CB23-50,"Chondo & Banyikwa 2023 (Data in Brief, DOI: 10.1016/j.dib.2023.109239)",Tabora,TABORA-NORTH-SOUTH,KASISI A,Groundwater/borehole,-5.245283,32.723533,0.04,6.8,74,45.6,NO,NO,Nitrate: 7.1 ppm,2021 - 2022,2022,long_dry,14.18339044,AFR7274,mt,metamorphic_rocks,mt____,,,,,,110824.275
CB23-51,"Chondo & Banyikwa 2023 (Data in Brief, DOI: 10.1016/j.dib.2023.109239)",Tabora,TABORA-NORTH-SOUTH,IBAYA,Groundwater/borehole,-5.317067,32.699567,0.14,7.76,169,100,NO,NO,Nitrate: 1.0 ppm,2021 - 2022,2022,long_dry,13.88592577,AFR7274,mt,metamorphic_rocks,mt____,,,,,,118242.2998
CB23-52,"Chondo & Banyikwa 2023 (Data in Brief, DOI: 10.1016/j.dib.2023.109239)",Tabora,TABORA-NORTH-SOUTH,UTAWAMBOGO,Groundwater/borehole,-5.4685,32.693767,0.01,7.5,50,38.4,NO,NO,Nitrate: 1.4 ppm,2021 - 2022,2022,long_dry,17.96166727,AFR7274,mt,metamorphic_rocks,mt____,,,,,,134242.2775
CB23-53,"Chondo & Banyikwa 2023 (Data in Brief, DOI: 10.1016/j.dib.2023.109239)",Tabora,TABORA-NORTH-SOUTH,MKOLYE,Groundwater/borehole,-5.551533,32.705533,0.42,7.39,244,140,NO,NO,Nitrate: 15.5 ppm,2021 - 2022,2022,long_dry,10.5181312,AFR7274,mt,metamorphic_rocks,mt____,,,,,,143467.642
CB23-54,"Chondo & Banyikwa 2023 (Data in Brief, DOI: 10.1016/j.dib.2023.109239)",Tabora,TABORA-NORTH-SOUTH,CHABUTWA,Groundwater/borehole,-5.687933,32.751567,0.01,7.5,75,50.4,NO,NO,Nitrate: 1.5 ppm,2021 - 2022,2022,long_dry,11.9670229,AFR7274,mt,metamorphic_rocks,mt____,,,,,,136521.4812
CB23-55,"Chondo & Banyikwa 2023 (Data in Brief, DOI: 10.1016/j.dib.2023.109239)",Tabora,TABORA-NORTH-SOUTH,IPOLE,Groundwater/borehole,-5.7915,32.732033,0.01,7.78,120,101,NO,NO,Nitrate: 7.8 ppm,2021 - 2022,2022,long_dry,11.08460879,AFR7274,mt,metamorphic_rocks,mt____,,,,,,125877.8901
CB23-56,"Chondo & Banyikwa 2023 (Data in Brief, DOI: 10.1016/j.dib.2023.109239)",Tabora,TABORA-EAST-WEST,TURA,Groundwater/borehole,-5.49225,33.842583,0.23,7.3,110,72.2,NO,NO,Nitrate: 22.9 ppm,2021 - 2022,2022,long_dry,6.573714562,AFR7274,mt,metamorphic_rocks,mt____,,,,,,56223.09313
CB23-57,"Chondo & Banyikwa 2023 (Data in Brief, DOI: 10.1016/j.dib.2023.109239)",Tabora,TABORA-EAST-WEST,UMOJA,Groundwater/borehole,-5.1267,33.129533,0.01,7.66,297,169,NO,NO,Nitrate: 21.4 ppm,2021 - 2022,2022,long_dry,13.65138169,AFR7274,mt,metamorphic_rocks,mt____,,,,,,105442.1135
CB23-58,"Chondo & Banyikwa 2023 (Data in Brief, DOI: 10.1016/j.dib.2023.109239)",Tabora,TABORA-EAST-WEST,INALA,Groundwater/borehole,-5.069733,32.930217,0.01,7.78,27,25.6,NO,NO,Nitrate: 14.9 ppm,2021 - 2022,2022,long_dry,10.97887444,AFR7274,mt,metamorphic_rocks,mt____,,,,,,95869.13219
CB23-59,"Chondo & Banyikwa 2023 (Data in Brief, DOI: 10.1016/j.dib.2023.109239)",Tabora,TABORA-EAST-WEST,KIZIGO,Groundwater/borehole,-5.069733,32.930217,0.78,8,345,216,NO,NO,Nitrate: 2.4 ppm,2021 - 2022,2022,long_dry,10.97887444,AFR7274,mt,metamorphic_rocks,mt____,,,,,,95869.13219
CB23-60,"Chondo & Banyikwa 2023 (Data in Brief, DOI: 10.1016/j.dib.2023.109239)",Tabora,TABORA-EAST-WEST,KWIHARA,Groundwater/borehole,-5.0685,32.785283,0.25,7.55,142,95.7,NO,NO,Nitrate: 1.9 ppm,2021 - 2022,2022,long_dry,11.62921065,AFR7274,mt,metamorphic_rocks,mt____,,,,,,92069.37532
CB23-61,"Chondo & Banyikwa 2023 (Data in Brief, DOI: 10.1016/j.dib.2023.109239)",Tabora,TABORA-EAST-WEST,TUMBI,Groundwater/borehole,-5.0753,32.694317,0.01,6.9,131,87.5,NO,NO,Nitrate: 1.3 ppm,2021 - 2022,2022,long_dry,10.57762268,AFR7274,mt,metamorphic_rocks,mt____,,,,,,91900.1656
CB23-62,"Chondo & Banyikwa 2023 (Data in Brief, DOI: 10.1016/j.dib.2023.109239)",Tabora,TABORA-EAST-WEST,MABAMA,Groundwater/borehole,-5.1212,32.522883,2.11,7.67,1818,935,YES,NO,Nitrate: 44.5 ppm,2021 - 2022,2022,long_dry,16.65789533,AFR7274,mt,metamorphic_rocks,mt____,,,,,,92871.32767
CB23-63,"Chondo & Banyikwa 2023 (Data in Brief, DOI: 10.1016/j.dib.2023.109239)",Tabora,TABORA-EAST-WEST,MAPINDUZI,Groundwater/borehole,-5.0883,32.317033,0.05,7.08,120,70.9,NO,NO,Nitrate: 39.5 ppm,2021 - 2022,2022,long_dry,14.65534902,AFR7274,mt,metamorphic_rocks,mt____,,,,,,88772.18804
CB23-64,"Chondo & Banyikwa 2023 (Data in Brief, DOI: 10.1016/j.dib.2023.109239)",Tabora,TABORA-EAST-WEST,MWENGE,Groundwater/borehole,-5.071883,32.08325,0.06,6.94,232,143,NO,NO,Nitrate: 42.0 ppm,2021 - 2022,2022,long_dry,12.54055601,AFR7274,mt,metamorphic_rocks,mt____,,,,,,93415.27727
MB18-001,Mbabaye et al. 2018 (Tanzania J. Science 44(3):72-92),"Meru, Arusha Region",Akheri - Akeri,Sebala B,Spring,-3.35281,36.77155,1.2,,227,124.85,NO,NO,Elevation: 1451m,January-February 2015,2015,short_dry,66.80241919,AFR9077,vi,intermediate_volcanic_rocks,vi____,,,,,,6180.273224
MB18-002,Mbabaye et al. 2018 (Tanzania J. Science 44(3):72-92),"Meru, Arusha Region",Akheri - Akeri,Sebala A,Spring,-3.35448,36.7728,1.1,,237,130.35,NO,NO,Elevation: 1435m,January-February 2015,2015,short_dry,66.80241919,AFR9077,vi,intermediate_volcanic_rocks,vi____,,,,,,6116.479872
MB18-003,Mbabaye et al. 2018 (Tanzania J. Science 44(3):72-92),"Meru, Arusha Region",Akheri - Nguruma,Saibala spring,Spring,-3.3528,36.77152,1.3,,233,127.05,NO,NO,Elevation: 1439m,January-February 2015,2015,short_dry,66.80241919,AFR9077,vi,intermediate_volcanic_rocks,vi____,,,,,,6183.036147
MB18-004,Mbabaye et al. 2018 (Tanzania J. Science 44(3):72-92),"Meru, Arusha Region",Akheri - Duluti,Duluti Lake,Lake,-3.38306,36.7896,3.3,,456,240.9,YES,NO,Elevation: 1273m,January-February 2015,2015,short_dry,66.80241919,AFR9077,vi,intermediate_volcanic_rocks,vi____,,,,,,3036.209168
MB18-005,Mbabaye et al. 2018 (Tanzania J. Science 44(3):72-92),"Meru, Arusha Region",Akheri - Lita,Lita (Kitchen),Deep well,-3.38379,36.7973,1.4,,344,187.55,NO,NO,Elevation: 1260m,January-February 2015,2015,short_dry,66.80241919,AFR9077,vi,intermediate_volcanic_rocks,vi____,,,,,,2894.936715
MB18-006,Mbabaye et al. 2018 (Tanzania J. Science 44(3):72-92),"Meru, Arusha Region",Akheri - Lita,Tengeru Spring No 2,Spring,-3.39025,36.8017,1.4,,370,202.95,NO,NO,Elevation: 1221m,January-February 2015,2015,short_dry,71.07786417,AFR9077,vi,intermediate_volcanic_rocks,vi____,,,,,,2283.087718
MB18-007,Mbabaye et al. 2018 (Tanzania J. Science 44(3):72-92),"Meru, Arusha Region",Akheri - CDTI DP,Nork Shop,Deep well,-3.38106,36.80235,1.3,,328,178.75,NO,NO,Elevation: 1261m,January-February 2015,2015,short_dry,71.07786417,AFR9077,vi,intermediate_volcanic_rocks,vi____,,,,,,3282.864202
MB18-008,Mbabaye et al. 2018 (Tanzania J. Science 44(3):72-92),"Meru, Arusha Region",Akheri - Sing'isi,Kwa Soja,Spring,-3.37444,36.79583,1.3,,198,89.1,NO,NO,Elevation: 1260m,January-February 2015,2015,short_dry,66.80241919,AFR9077,vi,intermediate_volcanic_rocks,vi____,,,,,,3922.98704
MB18-009,Mbabaye et al. 2018 (Tanzania J. Science 44(3):72-92),"Meru, Arusha Region",Akheri - Sing'isi,Kwa Soja,Spring,-3.37444,36.79583,1.2,,180,81,NO,NO,Elevation: 1260m,January-February 2015,2015,short_dry,66.80241919,AFR9077,vi,intermediate_volcanic_rocks,vi____,,,,,,3922.98704
MB18-010,Mbabaye et al. 2018 (Tanzania J. Science 44(3):72-92),"Meru, Arusha Region",Akheri - Patandi,Malala,Spring,-3.37124,36.79275,1.2,,173,77.85,NO,NO,Elevation: 1279m,January-February 2015,2015,short_dry,66.80241919,AFR9077,vi,intermediate_volcanic_rocks,vi____,,,,,,4286.977079
MB18-011,Mbabaye et al. 2018 (Tanzania J. Science 44(3):72-92),"Meru, Arusha Region",Akheri - Patandi,Gema,Spring,-3.37144,36.79278,1.3,,244,109.8,NO,NO,Elevation: 1281m,January-February 2015,2015,short_dry,66.80241919,AFR9077,vi,intermediate_volcanic_rocks,vi____,,,,,,4264.646637
MB18-012,Mbabaye et al. 2018 (Tanzania J. Science 44(3):72-92),"Meru, Arusha Region",Akheri - Patandi,Meru Hospital,Deep well,-3.37017,36.78645,1.2,,287,129.15,NO,NO,Elevation: 1307m,January-February 2015,2015,short_dry,66.80241919,AFR9077,vi,intermediate_volcanic_rocks,vi____,,,,,,4506.162227
MB18-013,Mbabaye et al. 2018 (Tanzania J. Science 44(3):72-92),"Meru, Arusha Region",Akheri - Patandi,Tengeru Fathers,Deep well,-3.37424,36.7803,1.2,,402,238,NO,NO,Elevation: 1331m,January-February 2015,2015,short_dry,66.80241919,AFR9077,vi,intermediate_volcanic_rocks,vi____,,,,,,4286.253082
MB18-014,Mbabaye et al. 2018 (Tanzania J. Science 44(3):72-92),"Meru, Arusha Region",Akheri - Patandi,Tengeru Fathers,Deep well,-3.37434,36.7804,11,,582,316,YES,YES,Elevation: 1333m,January-February 2015,2015,short_dry,66.80241919,AFR9077,vi,intermediate_volcanic_rocks,vi____,,,,,,4271.707839
MB18-015,Mbabaye et al. 2018 (Tanzania J. Science 44(3):72-92),"Meru, Arusha Region",Akheri - Akheri,Lake Duluti (Tengeru),Lake,-3.3825,36.7913,2.6,,472,,YES,NO,Elevation: 1250m,January-February 2015,2015,short_dry,66.80241919,AFR9077,vi,intermediate_volcanic_rocks,vi____,,,,,,3063.290036
MB18-016,Mbabaye et al. 2018 (Tanzania J. Science 44(3):72-92),"Meru, Arusha Region",Kikatiti - Kikatiti,Kwa Pendaeli,Shallow well,-3.38786,36.94342,22,,1395,1395,YES,YES,"Elevation: 1093m, Well depth: 12m",January-February 2015,2015,short_dry,65.58820057,AFR9077,vi,intermediate_volcanic_rocks,vi____,,,,,,1192.73015
MB18-017,Mbabaye et al. 2018 (Tanzania J. Science 44(3):72-92),"Meru, Arusha Region",Kikatiti - Kikatiti,Ngira (Kwa Ngira),Shallow well,-3.37193,36.93262,2.7,,283,383.5,YES,NO,Elevation: 1143m,January-February 2015,2015,short_dry,65.58820057,AFR9077,vi,intermediate_volcanic_rocks,vi____,6.334,4515.045,612.904,55.13,122.737,621.3239351
MB18-018,Mbabaye et al. 2018 (Tanzania J. Science 44(3):72-92),"Meru, Arusha Region",Kikatiti - Kikatiti,Kisima Cha Iddi,Shallow well,-3.38565,36.93892,22,,1030,1030,YES,YES,"Elevation: 1100m, Well depth: 5m",January-February 2015,2015,short_dry,65.58820057,AFR9077,vi,intermediate_volcanic_rocks,vi____,6.648,3692.915,639.978,40.74,112.06,998.1077154
MB18-019,Mbabaye et al. 2018 (Tanzania J. Science 44(3):72-92),"Meru, Arusha Region",Kikatiti - Kikatiti,Mnadani/Sokoni,Shallow well,-3.39826,36.9475,29,,1065,1065,YES,YES,"Elevation: 1072m, Well depth: 10m",January-February 2015,2015,short_dry,65.58820057,AFR9077,vi,intermediate_volcanic_rocks,vi____,,,,,,2413.487611
MB18-020,Mbabaye et al. 2018 (Tanzania J. Science 44(3):72-92),"Meru, Arusha Region",Kikatiti - Kikatiti,Mnadani Kwa Lomnyaki,Shallow well,-3.39801,36.94705,30,,1070,1070,YES,YES,"Elevation: 1074m, Well depth: 8m",January-February 2015,2015,short_dry,65.58820057,AFR9077,vi,intermediate_volcanic_rocks,vi____,,,,,,2374.341812
MB18-021,Mbabaye et al. 2018 (Tanzania J. Science 44(3):72-92),"Meru, Arusha Region",Kikatiti - Kikatiti,Mnadani Kwa Lotegerwaki,Shallow well,-3.39789,36.94702,30,,1050,1050,YES,YES,"Elevation: 1074m, Well depth: 8m",January-February 2015,2015,short_dry,65.58820057,AFR9077,vi,intermediate_volcanic_rocks,vi____,,,,,,2360.633252
MB18-022,Mbabaye et al. 2018 (Tanzania J. Science 44(3):72-92),"Meru, Arusha Region",Kikatiti - Nasholi,Nasholi Sec School,Shallow well,-3.40425,36.94805,31,,1215,1215,YES,YES,"Elevation: 1055m, Well depth: 9m",January-February 2015,2015,short_dry,60.34963799,AFR9077,vi,intermediate_volcanic_rocks,vi____,,,,,,2275.308049
MB18-023,Mbabaye et al. 2018 (Tanzania J. Science 44(3):72-92),"Meru, Arusha Region",Kikatiti - Nasholi,Mlimani Kwa Dickson,Shallow well,-3.40897,36.94669,8.3,,890,890,YES,YES,"Elevation: 1046m, Well depth: 8m",January-February 2015,2015,short_dry,60.34963799,AFR9077,vi,intermediate_volcanic_rocks,vi____,,,,,,2010.852717
MB18-024,Mbabaye et al. 2018 (Tanzania J. Science 44(3):72-92),"Meru, Arusha Region",Kikatiti - Kwa Samaria,Maroroni Pr/School,Deep well,-3.34668,36.97329,11,,1485,742,YES,YES,"Elevation: 984m, Well depth: 150m",January-February 2015,2015,short_dry,79.50583935,AFR9077,vi,intermediate_volcanic_rocks,vi____,,,,,,4460.527071
MB18-025,Mbabaye et al. 2018 (Tanzania J. Science 44(3):72-92),"Meru, Arusha Region",Kikwe - Lita,Tengeru Spring No 1,Spring,-3.39613,36.80241,1.3,,332,187.55,NO,NO,Elevation: 1231m,January-February 2015,2015,short_dry,71.07786417,AFR9077,vi,intermediate_volcanic_rocks,vi____,,,,,,1710.556599
MB18-026,Mbabaye et al. 2018 (Tanzania J. Science 44(3):72-92),"Meru, Arusha Region",Kikwe - Kikwe,Uduma,Deep well,-3.42883,36.82952,6.5,,970,516.45,YES,YES,"Elevation: 1095m, Well depth: 70m",January-February 2015,2015,short_dry,59.38913441,AFR9077,vi,intermediate_volcanic_rocks,vi____,,,,,,1910.868863
MB18-027,Mbabaye et al. 2018 (Tanzania J. Science 44(3):72-92),"Meru, Arusha Region",Kikwe - Maweni,Maziwa,Deep well,-3.45815,36.85021,12,,1187,651.2,YES,YES,"Elevation: 1027m, Well depth: 46m",January-February 2015,2015,short_dry,55.06212378,AFR9077,vi,intermediate_volcanic_rocks,vi____,,,,,,4852.415418
MB18-028,Mbabaye et al. 2018 (Tanzania J. Science 44(3):72-92),"Meru, Arusha Region",Kikwe - Karangai,Mtowi,Deep well,-3.47977,36.86823,2.4,,1001,519.75,YES,NO,"Elevation: 986m, Well depth: 48m",January-February 2015,2015,short_dry,55.06212378,AFR9077,vi,intermediate_volcanic_rocks,vi____,,,,,,3226.810369
MB18-029,Mbabaye et al. 2018 (Tanzania J. Science 44(3):72-92),"Meru, Arusha Region",Kikwe - Karangai,Miembeni,Deep well,-3.51939,36.88343,1.7,,454,261.25,YES,NO,"Elevation: 956m, Well depth: 60m",January-February 2015,2015,short_dry,57.81669044,AFR9077,vi,intermediate_volcanic_rocks,vi____,,,,,,1998.468359
MB18-030,Mbabaye et al. 2018 (Tanzania J. Science 44(3):72-92),"Meru, Arusha Region",Kikwe - Kwa Ugoro,Maroroni,Deep well,-3.48542,36.87774,7.3,,1027,513.5,YES,YES,"Elevation: 979m, Well depth: 80m",January-February 2015,2015,short_dry,55.06212378,AFR9077,vi,intermediate_volcanic_rocks,vi____,,,,,,2096.913609
MB18-031,Mbabaye et al. 2018 (Tanzania J. Science 44(3):72-92),"Meru, Arusha Region",King'ori - Malula,Kisima Cha Zefania,Shallow well,-3.37256,37.01865,0.89,,202,202.5,NO,NO,"Elevation: 940m, Well depth: 15m",January-February 2015,2015,short_dry,55.75791502,AFR9077,vi,intermediate_volcanic_rocks,vi____,,,,,,8550.590885
MB18-032,Mbabaye et al. 2018 (Tanzania J. Science 44(3):72-92),"Meru, Arusha Region",King'ori - Malulu,Kisima Cha John Swai,Shallow well,-3.3713,37.01929,18,,709,709,YES,YES,"Elevation: 940m, Well depth: 12m",January-February 2015,2015,short_dry,55.75791502,AFR9077,vi,intermediate_volcanic_rocks,vi____,,,,,,8631.17059
MB18-033,Mbabaye et al. 2018 (Tanzania J. Science 44(3):72-92),"Meru, Arusha Region",King'ori - King'ori,Shoroyandeke,Spring,-3.27967,36.98704,15,,1095,1095,YES,YES,Elevation: 1179m,January-February 2015,2015,short_dry,90.99409604,AFR9077,vi,intermediate_volcanic_rocks,vi____,,,,,,8541.683217
MB18-034,Mbabaye et al. 2018 (Tanzania J. Science 44(3):72-92),"Meru, Arusha Region",King'ori - King'ori,Joel Kaaya Kisima,Shallow well,-3.28139,36.98792,32,,1040,1040,YES,YES,"Elevation: 1172m, Well depth: 13m",January-February 2015,2015,short_dry,90.99409604,AFR9077,vi,intermediate_volcanic_rocks,vi____,,,,,,8592.924499
MB18-035,Mbabaye et al. 2018 (Tanzania J. Science 44(3):72-92),"Meru, Arusha Region",King'ori - King'ori,Chemchem Ya Barnaba,Shallow well,-3.28143,36.9855,26,,1075,1075,YES,YES,Elevation: 1165m,January-February 2015,2015,short_dry,90.99409604,AFR9077,vi,intermediate_volcanic_rocks,vi____,,,,,,8798.726919
MB18-036,Mbabaye et al. 2018 (Tanzania J. Science 44(3):72-92),"Meru, Arusha Region",King'ori - King'ori,Kisima Cha Mama Shirima,Shallow well,-3.28218,36.98512,17,,1150,1150,YES,YES,Elevation: 1172m,January-February 2015,2015,short_dry,90.99409604,AFR9077,vi,intermediate_volcanic_rocks,vi____,,,,,,8885.00656
MB18-037,Mbabaye et al. 2018 (Tanzania J. Science 44(3):72-92),"Meru, Arusha Region",King'ori - King'ori,Kisima Cha Solomoni,Shallow well,-3.2919,36.98191,7.9,,538,538,YES,YES,"Elevation: 1147m, Well depth: 11m",January-February 2015,2015,short_dry,90.99409604,AFR9077,vi,intermediate_volcanic_rocks,vi____,,,,,,8478.161557
MB18-038,Mbabaye et al. 2018 (Tanzania J. Science 44(3):72-92),"Meru, Arusha Region",Leguruki - Leguruki,Kisima Cha Elipokea,Shallow well,-3.25092,36.94123,11,,422,422,YES,YES,"Elevation: 1377m, Well depth: 15m",January-February 2015,2015,short_dry,87.27991843,AFR9077,vi,intermediate_volcanic_rocks,vi____,,,,,,10097.77073
MB18-039,Mbabaye et al. 2018 (Tanzania J. Science 44(3):72-92),"Meru, Arusha Region",Leguruki - Leguruki,Kwa Ndellilio,Shallow well,-3.25052,36.93947,6,,522,523,YES,YES,Elevation: 1376m,January-February 2015,2015,short_dry,87.27991843,AFR9077,vi,intermediate_volcanic_rocks,vi____,,,,,,10061.21123
MB18-040,Mbabaye et al. 2018 (Tanzania J. Science 44(3):72-92),"Meru, Arusha Region",Leguruki - Mbaaseni,Kwa Kemishua,Shallow well,-3.23836,36.94794,1.1,,653,653,NO,NO,Elevation: 1376m,January-February 2015,2015,short_dry,90.25005341,AFR9077,vi,intermediate_volcanic_rocks,vi____,,,,,,10905.92681
MB18-041,Mbabaye et al. 2018 (Tanzania J. Science 44(3):72-92),"Meru, Arusha Region",Leguruki - Mbaaseni,Kwa Sarakikya,Shallow well,-3.23695,36.94965,9.8,,801,801,YES,YES,Elevation: 1371m,January-February 2015,2015,short_dry,90.25005341,AFR9077,vi,intermediate_volcanic_rocks,vi____,,,,,,10703.48124
MB18-042,Mbabaye et al. 2018 (Tanzania J. Science 44(3):72-92),"Meru, Arusha Region",Leguruki - Mbaaseni,Kwa Barakaeli Ayo,Shallow well,-3.2368,36.95099,17,,1165,1165,YES,YES,"Elevation: 1373m, Well depth: 8m",January-February 2015,2015,short_dry,91.8091979,AFR9077,vi,intermediate_volcanic_rocks,vi____,,,,,,10553.43186
MB18-043,Mbabaye et al. 2018 (Tanzania J. Science 44(3):72-92),"Meru, Arusha Region",Leguruki - Shistoni,Shistoni Pr/School,Shallow well,-3.23351,36.94954,23,,1070,1070,YES,YES,Elevation: 1373m,January-February 2015,2015,short_dry,90.25005341,AFR9077,vi,intermediate_volcanic_rocks,vi____,,,,,,10694.1343
MB18-044,Mbabaye et al. 2018 (Tanzania J. Science 44(3):72-92),"Meru, Arusha Region",Leguruki - Shistoni,Nosingili Dam,Dam,-3.23153,36.95277,38,,2170,2170,YES,YES,Elevation: 1354m,January-February 2015,2015,short_dry,91.8091979,AFR9077,vi,intermediate_volcanic_rocks,vi____,,,,,,10328.22288
MB18-045,Mbabaye et al. 2018 (Tanzania J. Science 44(3):72-92),"Meru, Arusha Region",Leguruki - Leguruki,Lake Tulisia Arusha,Lake,-3.2118,36.9076,,,31400,974.9,UNKNOWN,UNKNOWN,Elevation: 1445m,January-February 2015,2015,short_dry,90.25005341,AFR9077,vi,intermediate_volcanic_rocks,vi____,,,,,,13578.17331
MB18-046,Mbabaye et al. 2018 (Tanzania J. Science 44(3):72-92),"Meru, Arusha Region",Leguruki - Leguruki,Big Momella Lake,Lake,-3.2098,36.9084,1103.7,,38000,,YES,YES,Elevation: Nonem,January-February 2015,2015,short_dry,90.25005341,AFR9077,vi,intermediate_volcanic_rocks,vi____,,,,,,13802.1009
MB18-047,Mbabaye et al. 2018 (Tanzania J. Science 44(3):72-92),"Meru, Arusha Region",Leguruki - Leguruki,Small Momella Lake,Lake,-3.22203,36.89155,,,8710,212,UNKNOWN,UNKNOWN,Elevation: Nonem,January-February 2015,2015,short_dry,92.61154175,AFR9077,vi,intermediate_volcanic_rocks,vi____,,,,,,12362.65445
MB18-048,Mbabaye et al. 2018 (Tanzania J. Science 44(3):72-92),"Meru, Arusha Region",Maji ya Chai - Imbaseny,Imbaseny Peace School,Deep well,-3.36809,36.89621,0.09,,1800,900,NO,NO,"Elevation: 1202m, Well depth: 48m",January-February 2015,2015,short_dry,66.46977615,AFR9077,vi,intermediate_volcanic_rocks,vi____,,,,,,3138.13061
MB18-049,Mbabaye et al. 2018 (Tanzania J. Science 44(3):72-92),"Meru, Arusha Region",Maji ya Chai - Imbaseny,Sokoni,Shallow well,-3.36556,36.89482,13,,1758,879,YES,YES,"Elevation: 1201m, Well depth: 8.5m",January-February 2015,2015,short_dry,66.46977615,AFR9077,vi,intermediate_volcanic_rocks,vi____,,,,,,2834.773908
MB18-050,Mbabaye et al. 2018 (Tanzania J. Science 44(3):72-92),"Meru, Arusha Region",Maji ya Chai - Imbaseny,Chemchem,Spring,-3.35382,36.89053,8.2,,1117,558,YES,YES,Elevation: 1225m,January-February 2015,2015,short_dry,66.46977615,AFR9077,vi,intermediate_volcanic_rocks,vi____,,,,,,1745.304156
MB18-051,Mbabaye et al. 2018 (Tanzania J. Science 44(3):72-92),"Meru, Arusha Region",Maji ya Chai - Imbaseny,Shuleni,Deep well,-3.34401,36.88441,7.6,,1078,539,YES,YES,"Elevation: 1267m, Well depth: 60m",January-February 2015,2015,short_dry,71.62697315,AFR9077,vi,intermediate_volcanic_rocks,vi____,,,,,,1093.625022
MB18-052,Mbabaye et al. 2018 (Tanzania J. Science 44(3):72-92),"Meru, Arusha Region",Maji ya Chai - Imbaseny,Kwamnegro UCC,Deep well,-3.33719,36.88647,5.4,,1155,577.5,YES,YES,"Elevation: 1213m, Well depth: 70m",January-February 2015,2015,short_dry,71.62697315,AFR9077,vi,intermediate_volcanic_rocks,vi____,7.117,3551.811,582.023,44.78,91.943,790.1840107
MB18-053,Mbabaye et al. 2018 (Tanzania J. Science 44(3):72-92),"Meru, Arusha Region",Maji ya Chai - Imbaseny,Tangini-A,Spring,-3.3451,36.90067,9.8,,874,437,YES,YES,Elevation: 1275m,January-February 2015,2015,short_dry,75.97894096,AFR9077,vi,intermediate_volcanic_rocks,vi____,,,,,,1274.287683
MB18-054,Mbabaye et al. 2018 (Tanzania J. Science 44(3):72-92),"Meru, Arusha Region",Maji ya Chai - Imbaseny,Tangini-B,Spring,-3.3478,36.90131,11,,951,475,YES,YES,Elevation: 1264m,January-February 2015,2015,short_dry,75.97894096,AFR9077,vi,intermediate_volcanic_rocks,vi____,,,,,,1539.347905
MB18-055,Mbabaye et al. 2018 (Tanzania J. Science 44(3):72-92),"Meru, Arusha Region",Maji ya Chai - Imbaseny,Tangini-C,Shallow well,-3.34841,36.90188,11,,993,496.5,YES,YES,"Elevation: 1266m, Well depth: 10m",January-February 2015,2015,short_dry,75.97894096,AFR9077,vi,intermediate_volcanic_rocks,vi____,,,,,,1591.448246
MB18-056,Mbabaye et al. 2018 (Tanzania J. Science 44(3):72-92),"Meru, Arusha Region",Maji ya Chai - Maji ya Chai,Expresso Tea Arusha NP,River,-3.29911,36.88051,37.5,,,,YES,YES,Elevation: 2270m,January-February 2015,2015,short_dry,82.62471581,AFR9077,vi,intermediate_volcanic_rocks,vi____,,,,,,3763.531608
MB18-057,Mbabaye et al. 2018 (Tanzania J. Science 44(3):72-92),"Meru, Arusha Region",Maji ya Chai - Maji ya Chai,Maji ya Chai River NP,River,-3.29605,36.8793,21.9,,,,YES,YES,Elevation: 921m,January-February 2015,2015,short_dry,82.62471581,AFR9077,vi,intermediate_volcanic_rocks,vi____,,,,,,4105.334638
MB18-058,Mbabaye et al. 2018 (Tanzania J. Science 44(3):72-92),"Meru, Arusha Region",Maji ya Chai - Maji ya Chai,Maji ya Chai River Bridge,River,-3.30298,36.88258,22.8,,,,YES,YES,Elevation: 922m,January-February 2015,2015,short_dry,71.62697315,AFR9077,vi,intermediate_volcanic_rocks,vi____,,,,,,3341.516262
MB18-059,Mbabaye et al. 2018 (Tanzania J. Science 44(3):72-92),"Meru, Arusha Region",Maji ya Chai - Maji ya Chai,Maji ya Chai at village,River,-3.37082,36.89703,18.6,,995,,YES,YES,Elevation: 1185m,January-February 2015,2015,short_dry,66.46977615,AFR9077,vi,intermediate_volcanic_rocks,vi____,,,,,,3415.877525
MB18-060,Mbabaye et al. 2018 (Tanzania J. Science 44(3):72-92),"Meru, Arusha Region",Maji ya Chai - Maji ya Chai,Defluoridation Station Tap,River,-3.32488,36.88445,20.2,,,,YES,YES,Elevation: 907m,January-February 2015,2015,short_dry,71.62697315,AFR9077,vi,intermediate_volcanic_rocks,vi____,,,,,,1001.228666
MB18-061,Mbabaye et al. 2018 (Tanzania J. Science 44(3):72-92),"Meru, Arusha Region",Maji ya Chai - Maji ya Chai,Colobus Mountain Lodge,River,-3.31562,36.87745,17.1,,,,YES,YES,Elevation: 609m,January-February 2015,2015,short_dry,71.62697315,AFR9077,vi,intermediate_volcanic_rocks,vi____,,,,,,1967.311919
MB18-062,Mbabaye et al. 2018 (Tanzania J. Science 44(3):72-92),"Meru, Arusha Region",Makiba - Makiba,Mabatini,Deep well,-3.52466,36.95242,3.1,,676,376.2,YES,NO,"Elevation: 925m, Well depth: 50m",January-February 2015,2015,short_dry,57.0954833,AFR9077,vi,intermediate_volcanic_rocks,vi____,,,,,,3858.346155
MB18-063,Mbabaye et al. 2018 (Tanzania J. Science 44(3):72-92),"Meru, Arusha Region",Makiba - Majengo-Kati,Uduma-A,Deep well,-3.49248,37.02672,4.8,,809,404.5,YES,YES,"Elevation: 892m, Well depth: 28m",January-February 2015,2015,short_dry,49.37065935,AFR9215,su,unconsolidated_sediments,sumx__,,,,,,11437.17011
MB18-064,Mbabaye et al. 2018 (Tanzania J. Science 44(3):72-92),"Meru, Arusha Region",Makiba - Majengo-Kati,Uduma-B,Deep well,-3.49494,37.02523,4.2,,424,212,YES,YES,"Elevation: 894m, Well depth: 30m",January-February 2015,2015,short_dry,49.37065935,AFR9215,su,unconsolidated_sediments,sumx__,,,,,,11383.72676
MB18-065,Mbabaye et al. 2018 (Tanzania J. Science 44(3):72-92),"Meru, Arusha Region",Makiba - Majengo-Kati,Uduma-C,Deep well,-3.4994,37.02731,2.2,,503,251,YES,NO,"Elevation: 896m, Well depth: 70m",January-February 2015,2015,short_dry,49.37065935,AFR9215,su,unconsolidated_sediments,sumx__,,,,,,11575.05231
MB18-066,Mbabaye et al. 2018 (Tanzania J. Science 44(3):72-92),"Meru, Arusha Region",Makiba - Majengo-Kati,Kati-A,Deep well,-3.48908,37.02409,1.5,,5530,2765,NO,NO,"Elevation: 891m, Well depth: 36m",January-February 2015,2015,short_dry,49.37065935,AFR9215,su,unconsolidated_sediments,sumx__,,,,,,11000.99231
MB18-067,Mbabaye et al. 2018 (Tanzania J. Science 44(3):72-92),"Meru, Arusha Region",Makiba - Majengo-Kati,Kati-B,Deep well,-3.48568,37.01904,11,,5220,2610,YES,YES,"Elevation: 891m, Well depth: 33m",January-February 2015,2015,short_dry,49.37065935,AFR9215,su,unconsolidated_sediments,sumx__,,,,,,10328.23784
MB18-068,Mbabaye et al. 2018 (Tanzania J. Science 44(3):72-92),"Meru, Arusha Region",Makiba - Majengo-Kati,Kati-C,Deep well,-3.48299,37.01957,8.5,,4670,2335,YES,YES,"Elevation: 894m, Well depth: 25m",January-February 2015,2015,short_dry,49.37065935,AFR9215,su,unconsolidated_sediments,sumx__,,,,,,10248.01268
MB18-069,Mbabaye et al. 2018 (Tanzania J. Science 44(3):72-92),"Meru, Arusha Region",Makiba - Majengo-Kati,Rumala,Deep well,-3.47665,37.02162,2.5,,2560,1280,YES,NO,"Elevation: 888m, Well depth: 28m",January-February 2015,2015,short_dry,49.37065935,AFR9215,su,unconsolidated_sediments,sumx__,,,,,,10175.52917
MB18-070,Mbabaye et al. 2018 (Tanzania J. Science 44(3):72-92),"Meru, Arusha Region",Maroroni - Kwa Samaria,Kijenge,Deep well,-3.42102,36.95523,20,,2300,1150,YES,YES,"Elevation: 1028m, Well depth: 70m",January-February 2015,2015,short_dry,59.51007748,AFR9077,vi,intermediate_volcanic_rocks,vi____,,,,,,3152.662982
MB18-071,Mbabaye et al. 2018 (Tanzania J. Science 44(3):72-92),"Meru, Arusha Region",Mbuguni - Mbuguni,Amec,Deep well,-3.55142,36.91921,2.7,,387,217.25,YES,NO,"Elevation: 942m, Well depth: 64m",January-February 2015,2015,short_dry,57.47953558,AFR9077,vi,intermediate_volcanic_rocks,vi____,,,,,,5116.872469
MB18-072,Mbabaye et al. 2018 (Tanzania J. Science 44(3):72-92),"Meru, Arusha Region",Mbuguni - Kikuletwa,Shamima Intake,River,-3.53335,36.91764,3.2,,342,190.85,YES,NO,Elevation: 950m,January-February 2015,2015,short_dry,56.10560179,AFR9077,vi,intermediate_volcanic_rocks,vi____,,,,,,3160.796207
MB18-073,Mbabaye et al. 2018 (Tanzania J. Science 44(3):72-92),"Meru, Arusha Region",Mbuguni - Kikuletwa,Mnazi Mmoja,Deep well,-3.53692,36.91798,4.8,,538,290.95,YES,YES,"Elevation: 941m, Well depth: 60m",January-February 2015,2015,short_dry,56.10560179,AFR9077,vi,intermediate_volcanic_rocks,vi____,,,,,,3541.915623
MB18-074,Mbabaye et al. 2018 (Tanzania J. Science 44(3):72-92),"Meru, Arusha Region",Mbuguni - Kikuletwa,Stemm,Deep well,-3.54288,36.9175,15,,450,252.45,YES,YES,"Elevation: 944m, Well depth: 87m",January-February 2015,2015,short_dry,56.10560179,AFR9077,vi,intermediate_volcanic_rocks,vi____,,,,,,4201.927951
MB18-075,Mbabaye et al. 2018 (Tanzania J. Science 44(3):72-92),"Meru, Arusha Region",Mbuguni - Kambi Ya Tanga Juu,Kazamayo,Deep well,-3.55152,36.90492,2.1,,546,297.55,YES,NO,"Elevation: 946m, Well depth: 58m",January-February 2015,2015,short_dry,57.47953558,AFR9077,vi,intermediate_volcanic_rocks,vi____,,,,,,5315.936001
MB18-076,Mbabaye et al. 2018 (Tanzania J. Science 44(3):72-92),"Meru, Arusha Region",Mbuguni - Shambalai,Bruka Kati,Deep well,-3.56496,36.89828,2.1,,536,295.35,YES,NO,"Elevation: 945m, Well depth: 100m",January-February 2015,2015,short_dry,58.63479257,AFR9077,vi,intermediate_volcanic_rocks,vi____,,,,,,6681.093252
MB18-077,Mbabaye et al. 2018 (Tanzania J. Science 44(3):72-92),"Meru, Arusha Region",Mbuguni - Shambalai,Tumaini,Deep well,-3.57405,36.91437,1.5,,741,395.45,NO,NO,"Elevation: 938m, Well depth: 50m",January-February 2015,2015,short_dry,57.47953558,AFR9077,vi,intermediate_volcanic_rocks,vi____,,,,,,7669.527556
MB18-078,Mbabaye et al. 2018 (Tanzania J. Science 44(3):72-92),"Meru, Arusha Region",Ngarenanyuki - Ngarenanyuki,Olkung'wado Mandoke 1,Spring,-3.20089,36.84391,5.2,,438,248.05,YES,YES,Elevation: 1497m,January-February 2015,2015,short_dry,111.7688522,AFR9077,vi,intermediate_volcanic_rocks,vi____,,,,,,14894.38296
MB18-079,Mbabaye et al. 2018 (Tanzania J. Science 44(3):72-92),"Meru, Arusha Region",Ngarenanyuki - Ngarenanyuki,Olkung'wado Mandoke 2,Spring,-3.20169,36.84463,5.2,,429,240.35,YES,YES,Elevation: 1499m,January-February 2015,2015,short_dry,111.7688522,AFR9077,vi,intermediate_volcanic_rocks,vi____,,,,,,14819.15408
MB18-080,Mbabaye et al. 2018 (Tanzania J. Science 44(3):72-92),"Meru, Arusha Region",Ngarenanyuki - Ngarenanyuki,Olkung'wado Mandoke 3,Spring,-3.19684,36.84954,12,,770,424.05,YES,YES,Elevation: 1468m,January-February 2015,2015,short_dry,107.2345862,AFR9077,vi,intermediate_volcanic_rocks,vi____,,,,,,15442.36728
MB18-081,Mbabaye et al. 2018 (Tanzania J. Science 44(3):72-92),"Meru, Arusha Region",Ngarenanyuki - Ngarenanyuki,Olkung'wado Mandoke 4,Spring,-3.198,36.85082,21,,1287,707.3,YES,YES,Elevation: 1476m,January-February 2015,2015,short_dry,85.13348389,AFR9077,vi,intermediate_volcanic_rocks,vi____,,,,,,15329.72105
MB18-082,Mbabaye et al. 2018 (Tanzania J. Science 44(3):72-92),"Meru, Arusha Region",Ngarenanyuki - Ngarenanyuki,Olkung'wado Nasura 1,Spring,-3.20053,36.85015,9.5,,388,234.85,YES,YES,Elevation: 1489m,January-February 2015,2015,short_dry,111.7688522,AFR9077,vi,intermediate_volcanic_rocks,vi____,,,,,,15054.03164
MB18-083,Mbabaye et al. 2018 (Tanzania J. Science 44(3):72-92),"Meru, Arusha Region",Ngarenanyuki - Ngarenanyuki,Olkung'wado Nasura 2,Spring,-3.20321,36.85243,31,,1848,1111.2,YES,YES,Elevation: 1489m,January-February 2015,2015,short_dry,92.61154175,AFR9077,vi,intermediate_volcanic_rocks,vi____,,,,,,14727.48085
MB18-084,Mbabaye et al. 2018 (Tanzania J. Science 44(3):72-92),"Meru, Arusha Region",Ngarenanyuki - Ngarenanyuki,Olkung'wado Ngarenanyuki,River,-3.20266,36.85678,30,,1852,1149.6,YES,YES,Elevation: 1489m,January-February 2015,2015,short_dry,92.61154175,AFR9077,vi,intermediate_volcanic_rocks,vi____,,,,,,14691.67452
MB18-085,Mbabaye et al. 2018 (Tanzania J. Science 44(3):72-92),"Meru, Arusha Region",Ngarenanyuki - Ngarenanyuki,Olkung'wado Nasura Water,Spring,-3.21665,36.8721,3.9,,346,243.65,YES,NO,Elevation: 1516m,January-February 2015,2015,short_dry,92.61154175,AFR9077,vi,intermediate_volcanic_rocks,vi____,,,,,,12934.29674
MB18-086,Mbabaye et al. 2018 (Tanzania J. Science 44(3):72-92),"Meru, Arusha Region",Ngarenanyuki - Ngarenanyuki,Olkung'wado Ngujawi A,Spring,-3.216,36.87218,26,,1771,1086,YES,YES,Elevation: 1506m,January-February 2015,2015,short_dry,92.61154175,AFR9077,vi,intermediate_volcanic_rocks,vi____,,,,,,13005.46378
MB18-087,Mbabaye et al. 2018 (Tanzania J. Science 44(3):72-92),"Meru, Arusha Region",Ngarenanyuki - Ngarenanyuki,Olkung'wado Sekedo,Spring,-3.21173,36.87397,29,,1835,1212,YES,YES,Elevation: 1497m,January-February 2015,2015,short_dry,92.61154175,AFR9077,vi,intermediate_volcanic_rocks,vi____,,,,,,13464.82197
MB18-088,Mbabaye et al. 2018 (Tanzania J. Science 44(3):72-92),"Meru, Arusha Region",Ngarenanyuki - Ngarenanyuki,Olkung'wado Ngujawi B,Spring,-3.21244,36.8729,25,,2020,1290,YES,YES,Elevation: 1499m,January-February 2015,2015,short_dry,92.61154175,AFR9077,vi,intermediate_volcanic_rocks,vi____,,,,,,13393.44402
MB18-089,Mbabaye et al. 2018 (Tanzania J. Science 44(3):72-92),"Meru, Arusha Region",Ngarenanyuki - Ngarenanyuki,Olkung'wado Bulebule B,Spring,-3.17749,36.85318,9.5,,945,586.3,YES,YES,Elevation: 1454m,January-February 2015,2015,short_dry,85.13348389,AFR9077,vi,intermediate_volcanic_rocks,vi____,,,,,,17506.98941
MB18-090,Mbabaye et al. 2018 (Tanzania J. Science 44(3):72-92),"Meru, Arusha Region",Ngarenanyuki - Ngarenanyuki,Olkung'wado Bulebule A,Spring,-3.1776,36.85306,7.2,,724,429,YES,YES,Elevation: 1452m,January-February 2015,2015,short_dry,85.13348389,AFR9077,vi,intermediate_volcanic_rocks,vi____,,,,,,17497.33233
MB18-091,Mbabaye et al. 2018 (Tanzania J. Science 44(3):72-92),"Meru, Arusha Region",Ngarenanyuki - Uwiro,Ngali Maji,Spring,-3.15511,36.859,7.6,,851,515.9,YES,YES,Elevation: 1429m,January-February 2015,2015,short_dry,85.13348389,AFR9077,vi,intermediate_volcanic_rocks,vi____,,,,,,19863.88521
MB18-092,Mbabaye et al. 2018 (Tanzania J. Science 44(3):72-92),"Meru, Arusha Region",Ngarenanyuki - Uwiro,Ngarenanyuki Pr/School,Spring,-3.15247,36.84129,4.7,,869,392.15,YES,YES,Elevation: 1478m,January-February 2015,2015,short_dry,107.2345862,AFR9077,vi,intermediate_volcanic_rocks,vi____,,,,,,20182.96318
MB18-093,Mbabaye et al. 2018 (Tanzania J. Science 44(3):72-92),"Meru, Arusha Region",Ngarenanyuki - Kisimiri,Kismiri Chini,Spring,-3.17044,36.81693,5.6,,649,179.3,YES,YES,Elevation: 1613m,January-February 2015,2015,short_dry,107.2345862,AFR9077,vi,intermediate_volcanic_rocks,vi____,,,,,,18113.00427
MB18-094,Mbabaye et al. 2018 (Tanzania J. Science 44(3):72-92),"Meru, Arusha Region",Ngarenanyuki - Kisimiri,Kismiri Juu,Spring,-3.17097,36.81117,1.5,,330,194.7,NO,NO,Elevation: 1663m,January-February 2015,2015,short_dry,107.2345862,AFR9077,vi,intermediate_volcanic_rocks,vi____,,,,,,18092.56797
MB18-095,Mbabaye et al. 2018 (Tanzania J. Science 44(3):72-92),"Meru, Arusha Region",Ngarenanyuki - Ngarenanyuki,Lake Lekandiro,Lake,-3.21255,36.8948,,,9230,199.3,UNKNOWN,UNKNOWN,Elevation: 1469m,January-February 2015,2015,short_dry,92.61154175,AFR9077,vi,intermediate_volcanic_rocks,vi____,,,,,,13445.83225
MB18-096,Mbabaye et al. 2018 (Tanzania J. Science 44(3):72-92),"Meru, Arusha Region",Ngarenanyuki - Ngarenanyuki,Lake Rishaten,Lake,-3.23163,36.83917,,,28900,897.7,UNKNOWN,UNKNOWN,Elevation: Nonem,January-February 2015,2015,short_dry,111.7688522,AFR9077,vi,intermediate_volcanic_rocks,vi____,,,,,,11448.25635
MB18-097,Mbabaye et al. 2018 (Tanzania J. Science 44(3):72-92),"Meru, Arusha Region",Ngarenanyuki - Ngarenanyuki,Small spring Arusha NP,River,-3.24367,36.83916,10.2,,908,,YES,YES,Elevation: 1694m,January-February 2015,2015,short_dry,111.7688522,AFR9077,vi,intermediate_volcanic_rocks,vi____,,,,,,10131.332
MB18-099,Mbabaye et al. 2018 (Tanzania J. Science 44(3):72-92),"Meru, Arusha Region",Nkoanrua - Nkoarua,Mfulonyi,Spring,-3.34869,36.76672,0.92,,174,95.65,NO,NO,Elevation: 1482m,January-February 2015,2015,short_dry,88.10014057,AFR9077,vi,intermediate_volcanic_rocks,vi____,,,,,,6558.949557
MB18-100,Mbabaye et al. 2018 (Tanzania J. Science 44(3):72-92),"Meru, Arusha Region",Nkoanrua - Filonyi,Camatec A,Spring,-3.33318,36.76793,0.81,,160,93.72,NO,NO,Elevation: 1586m,January-February 2015,2015,short_dry,88.10014057,AFR9077,vi,intermediate_volcanic_rocks,vi____,,,,,,6213.873775
MB18-101,Mbabaye et al. 2018 (Tanzania J. Science 44(3):72-92),"Meru, Arusha Region",Nkoanrua - Filonyi,Camatec B,Spring,-3.33272,36.76775,0.66,,162,90.53,NO,NO,Elevation: 1585m,January-February 2015,2015,short_dry,88.10014057,AFR9077,vi,intermediate_volcanic_rocks,vi____,,,,,,6234.682947
MB18-102,Mbabaye et al. 2018 (Tanzania J. Science 44(3):72-92),"Meru, Arusha Region",Nkoanrua - Filonyi,Malala River,River,-3.3325,36.76791,2.2,,136,76.18,YES,NO,Elevation: 1585m,January-February 2015,2015,short_dry,88.10014057,AFR9077,vi,intermediate_volcanic_rocks,vi____,,,,,,6217.390979
MB18-103,Mbabaye et al. 2018 (Tanzania J. Science 44(3):72-92),"Meru, Arusha Region",Nkoanrua - Ambureni,Ngwaimare,Spring,-3.35905,36.7558,1.1,,209,124,NO,NO,Elevation: 1451m,January-February 2015,2015,short_dry,66.80241919,AFR9077,vi,intermediate_volcanic_rocks,vi____,,,,,,7145.808158
MB18-104,Mbabaye et al. 2018 (Tanzania J. Science 44(3):72-92),"Meru, Arusha Region",Nkoanrua - Ambureni,Petro Akyoo,Spring,-3.364,36.75856,1.7,,232,137,YES,NO,Elevation: 1425m,January-February 2015,2015,short_dry,66.80241919,AFR9077,vi,intermediate_volcanic_rocks,vi____,,,,,,6525.335403
MB18-105,Mbabaye et al. 2018 (Tanzania J. Science 44(3):72-92),"Meru, Arusha Region",Nkoanrua - Ambureni,Uronyi Mzee Seeo,Spring,-3.36789,36.75935,2.2,,247,144,YES,NO,Elevation: 1383m,January-February 2015,2015,short_dry,66.80241919,AFR9077,vi,intermediate_volcanic_rocks,vi____,,,,,,6138.039244
MB18-106,Mbabaye et al. 2018 (Tanzania J. Science 44(3):72-92),"Meru, Arusha Region",Nkoanrua - Ambureni,Lekuta,Spring,-3.36421,36.76149,2,,250,147,YES,NO,Elevation: 1415m,January-February 2015,2015,short_dry,66.80241919,AFR9077,vi,intermediate_volcanic_rocks,vi____,,,,,,6306.996721
MB18-107,Mbabaye et al. 2018 (Tanzania J. Science 44(3):72-92),"Meru, Arusha Region",Nkoanrua - Ambureni,Lemteri,Spring,-3.36892,36.76375,1.4,,244,144,NO,NO,Elevation: 1373m,January-February 2015,2015,short_dry,66.80241919,AFR9077,vi,intermediate_volcanic_rocks,vi____,,,,,,5739.400127
MB18-108,Mbabaye et al. 2018 (Tanzania J. Science 44(3):72-92),"Meru, Arusha Region",Nkoanrua - Ambureni,Kwa Pailoti,Spring,-3.36715,36.762,2.1,,257,145,YES,NO,Elevation: 1394m,January-February 2015,2015,short_dry,66.80241919,AFR9077,vi,intermediate_volcanic_rocks,vi____,,,,,,6013.832949
MB18-109,Mbabaye et al. 2018 (Tanzania J. Science 44(3):72-92),"Meru, Arusha Region",Nkoanrua - Ambureni,Kwa Laizer,Spring,-3.3736,36.76317,1.6,,254,145,YES,NO,Elevation: 1349m,January-February 2015,2015,short_dry,66.80241919,AFR9077,vi,intermediate_volcanic_rocks,vi____,,,,,,5382.084026
MB18-110,Mbabaye et al. 2018 (Tanzania J. Science 44(3):72-92),"Meru, Arusha Region",Nkoanrua - Shambarai,Machumba,Spring,-3.38834,36.7682,0.93,,260,157,NO,NO,Elevation: 1277m,January-February 2015,2015,short_dry,66.80241919,AFR9077,vi,intermediate_volcanic_rocks,vi____,,,,,,3849.617232
MB18-111,Mbabaye et al. 2018 (Tanzania J. Science 44(3):72-92),"Meru, Arusha Region",Nkoaranga - Ndulumanga,Ndulumanga A,Spring,-3.35465,36.8479,1.3,,248,136.4,NO,NO,Elevation: 1195m,January-February 2015,2015,short_dry,71.07786417,AFR9077,vi,intermediate_volcanic_rocks,vi____,,,,,,3169.541614
MB18-112,Mbabaye et al. 2018 (Tanzania J. Science 44(3):72-92),"Meru, Arusha Region",Nkoaranga - Ndulumanga,Ndulumanga B,Spring,-3.35357,36.84851,1.3,,250,137.5,NO,NO,Elevation: 1220m,January-February 2015,2015,short_dry,71.07786417,AFR9077,vi,intermediate_volcanic_rocks,vi____,,,,,,3079.683516
MB18-113,Mbabaye et al. 2018 (Tanzania J. Science 44(3):72-92),"Meru, Arusha Region",Nkoaranga - USA,Sangananu 1,Spring,-3.34111,36.8588,1.5,,194,106.81,NO,NO,Elevation: 1255m,January-February 2015,2015,short_dry,71.62697315,AFR9077,vi,intermediate_volcanic_rocks,vi____,,,,,,2060.903549
MB18-114,Mbabaye et al. 2018 (Tanzania J. Science 44(3):72-92),"Meru, Arusha Region",Nkoaranga - USA,Sangananu 2,Spring,-3.33925,36.86167,1.7,,189,104.01,YES,NO,Elevation: 1270m,January-February 2015,2015,short_dry,71.62697315,AFR9077,vi,intermediate_volcanic_rocks,vi____,,,,,,1878.979294
MB18-115,Mbabaye et al. 2018 (Tanzania J. Science 44(3):72-92),"Meru, Arusha Region",Nkoaranga - Nkoanekoli,Nkoanikole 1,Spring,-3.34034,36.85592,1.2,,219,120.45,NO,NO,Elevation: 1276m,January-February 2015,2015,short_dry,71.62697315,AFR9077,vi,intermediate_volcanic_rocks,vi____,,,,,,2389.23575
MB18-116,Mbabaye et al. 2018 (Tanzania J. Science 44(3):72-92),"Meru, Arusha Region",Nkoaranga - Nkoanekoli,Muralikoka 2,Spring,-3.33606,36.86441,5,,328,180.4,YES,YES,Elevation: 1277m,January-February 2015,2015,short_dry,71.62697315,AFR9077,vi,intermediate_volcanic_rocks,vi____,,,,,,1840.291605
MB18-117,Mbabaye et al. 2018 (Tanzania J. Science 44(3):72-92),"Meru, Arusha Region",Nkoaranga - Nkoanekoli,Usa River,River,-3.33545,36.86257,3,,232,127.6,YES,NO,Elevation: 1270m,January-February 2015,2015,short_dry,71.62697315,AFR9077,vi,intermediate_volcanic_rocks,vi____,,,,,,2032.337086
MB18-118,Mbabaye et al. 2018 (Tanzania J. Science 44(3):72-92),"Meru, Arusha Region",Nkoaranga - Nkoanekoli,Mraakare River,River,-3.33565,36.86317,4.9,,304,167.2,YES,YES,Elevation: 1275m,January-February 2015,2015,short_dry,71.62697315,AFR9077,vi,intermediate_volcanic_rocks,vi____,,,,,,1969.192219
MB18-119,Mbabaye et al. 2018 (Tanzania J. Science 44(3):72-92),"Meru, Arusha Region",Nkoaranga - Nshupu,Ngaresero Lodge,Spring,-3.35969,36.83775,1.6,,186,114.95,YES,NO,Elevation: 1235m,January-February 2015,2015,short_dry,71.07786417,AFR9077,vi,intermediate_volcanic_rocks,vi____,,,,,,3264.860764
MB18-120,Mbabaye et al. 2018 (Tanzania J. Science 44(3):72-92),"Meru, Arusha Region",Nkoaranga - Nshupu,Nak I,Spring,-3.36589,36.83671,1.6,,200,116.05,YES,NO,Elevation: 1205m,January-February 2015,2015,short_dry,71.07786417,AFR9077,vi,intermediate_volcanic_rocks,vi____,,,,,,3837.083315
MB18-121,Mbabaye et al. 2018 (Tanzania J. Science 44(3):72-92),"Meru, Arusha Region",Nkoaranga - Nshupu,Nak II,Spring,-3.36633,36.83761,1.6,,209,116.6,YES,NO,Elevation: 1224m,January-February 2015,2015,short_dry,71.07786417,AFR9077,vi,intermediate_volcanic_rocks,vi____,,,,,,3920.663026
MB18-122,Mbabaye et al. 2018 (Tanzania J. Science 44(3):72-92),"Meru, Arusha Region",Nkoaranga - Nshupu,Nak III,Spring,-3.36561,36.83869,1.7,,206,116.05,YES,NO,Elevation: 1205m,January-February 2015,2015,short_dry,71.07786417,AFR9077,vi,intermediate_volcanic_rocks,vi____,,,,,,3897.295373
MB18-123,Mbabaye et al. 2018 (Tanzania J. Science 44(3):72-92),"Meru, Arusha Region",Nkoarisambu - Mfulonyi,Kumu,Spring,-3.33834,36.77346,0.74,,153,83.99,NO,NO,Elevation: 1539m,January-February 2015,2015,short_dry,88.10014057,AFR9077,vi,intermediate_volcanic_rocks,vi____,,,,,,5620.373393
MB18-124,Mbabaye et al. 2018 (Tanzania J. Science 44(3):72-92),"Meru, Arusha Region",Nkoarisambu - Mfulonyi,Mfulonyi,Spring,-3.33834,36.77461,0.66,,151,82.83,NO,NO,Elevation: 1543m,January-February 2015,2015,short_dry,88.10014057,AFR9077,vi,intermediate_volcanic_rocks,vi____,,,,,,5492.869624
MB18-125,Mbabaye et al. 2018 (Tanzania J. Science 44(3):72-92),"Meru, Arusha Region",Nkoarisambu - Mfulonyi,Mfulonyi,Spring,-3.33881,36.77557,0.71,,156,85.58,NO,NO,Elevation: 1523m,January-February 2015,2015,short_dry,88.10014057,AFR9077,vi,intermediate_volcanic_rocks,vi____,,,,,,5391.559972
MB18-126,Mbabaye et al. 2018 (Tanzania J. Science 44(3):72-92),"Meru, Arusha Region",Nkoarisambu - Mburu Kuku,Masee,Spring,-3.31503,36.77085,0.86,,116,70.35,NO,NO,Elevation: 1873m,January-February 2015,2015,short_dry,88.10014057,AFR9077,vi,intermediate_volcanic_rocks,vi____,,,,,,6244.799134
MB18-127,Mbabaye et al. 2018 (Tanzania J. Science 44(3):72-92),"Meru, Arusha Region",Poli - Poli,Mitateni,Spring,-3.35595,36.80382,2.2,,245,134.75,YES,NO,Elevation: 1297m,January-February 2015,2015,short_dry,71.07786417,AFR9077,vi,intermediate_volcanic_rocks,vi____,,,,,,3307.497118
MB18-128,Mbabaye et al. 2018 (Tanzania J. Science 44(3):72-92),"Meru, Arusha Region",Poli - Poli,Makilele,Spring,-3.35542,36.80437,1.8,,265,145.75,YES,NO,Elevation: 1308m,January-February 2015,2015,short_dry,71.07786417,AFR9077,vi,intermediate_volcanic_rocks,vi____,,,,,,3222.886772
MB18-129,Mbabaye et al. 2018 (Tanzania J. Science 44(3):72-92),"Meru, Arusha Region",Poli - Poli,Kuluwo,Spring,-3.3549,36.8054,1.7,,268,147.4,YES,NO,Elevation: 1310m,January-February 2015,2015,short_dry,71.07786417,AFR9077,vi,intermediate_volcanic_rocks,vi____,,,,,,3103.698505
MB18-130,Mbabaye et al. 2018 (Tanzania J. Science 44(3):72-92),"Meru, Arusha Region",Poli - Poli,Kivulini,Spring,-3.3519,36.80667,0.82,,254,139.7,NO,NO,Elevation: 1306m,January-February 2015,2015,short_dry,71.07786417,AFR9077,vi,intermediate_volcanic_rocks,vi____,,,,,,2762.66683
MB18-131,Mbabaye et al. 2018 (Tanzania J. Science 44(3):72-92),"Meru, Arusha Region",Poli - Ndatu,Nkura,Spring,-3.35775,36.81234,0.87,,279,153.45,NO,NO,Elevation: 1274m,January-February 2015,2015,short_dry,71.07786417,AFR9077,vi,intermediate_volcanic_rocks,vi____,,,,,,2941.145292
MB18-132,Mbabaye et al. 2018 (Tanzania J. Science 44(3):72-92),"Meru, Arusha Region",Poli - Ndatu,Karamu,Spring,-3.36393,36.82047,1.3,,289,158.95,NO,NO,Elevation: 1210m,January-February 2015,2015,short_dry,71.07786417,AFR9077,vi,intermediate_volcanic_rocks,vi____,,,,,,3357.628638
MB18-133,Mbabaye et al. 2018 (Tanzania J. Science 44(3):72-92),"Meru, Arusha Region",Poli - Nshupu,Nak IV,Spring,-3.3663,36.83518,1.7,,215,119.35,YES,NO,Elevation: 1207m,January-February 2015,2015,short_dry,71.07786417,AFR9077,vi,intermediate_volcanic_rocks,vi____,,,,,,3819.063038
MB18-134,Mbabaye et al. 2018 (Tanzania J. Science 44(3):72-92),"Meru, Arusha Region",Poli - Nshupu,Nak V,Spring,-3.36628,36.83405,1.7,,217,120.45,YES,NO,Elevation: 1216m,January-February 2015,2015,short_dry,71.07786417,AFR9077,vi,intermediate_volcanic_rocks,vi____,,,,,,3776.853385
MB18-135,Mbabaye et al. 2018 (Tanzania J. Science 44(3):72-92),"Meru, Arusha Region",Seela Sing'isi - Poli,Uriro,Spring,-3.33921,36.7905,1.5,,177,97.57,NO,NO,Elevation: 1499m,January-February 2015,2015,short_dry,88.10014057,AFR9077,vi,intermediate_volcanic_rocks,vi____,,,,,,3748.959528
MB18-136,Mbabaye et al. 2018 (Tanzania J. Science 44(3):72-92),"Meru, Arusha Region",Seela Sing'isi - Poli,Nasa,Spring,-3.33945,36.79296,1.1,,170,93.56,NO,NO,Elevation: 1489m,January-February 2015,2015,short_dry,88.10014057,AFR9077,vi,intermediate_volcanic_rocks,vi____,,,,,,3483.558656
MB18-137,Mbabaye et al. 2018 (Tanzania J. Science 44(3):72-92),"Meru, Arusha Region",Seela Sing'isi - Sing'isi,Kimath,Spring,-3.35834,36.79654,1.6,,207,93.15,YES,NO,Elevation: 1341m,January-February 2015,2015,short_dry,66.80241919,AFR9077,vi,intermediate_volcanic_rocks,vi____,,,,,,4069.497582
MB18-138,Mbabaye et al. 2018 (Tanzania J. Science 44(3):72-92),"Meru, Arusha Region",Seela Sing'isi - Sing'isi,Mavinuni Bridge,River,-3.35688,36.79362,1.5,,163,73.35,NO,NO,Elevation: 1341m,January-February 2015,2015,short_dry,66.80241919,AFR9077,vi,intermediate_volcanic_rocks,vi____,,,,,,4216.891537
MB18-139,Mbabaye et al. 2018 (Tanzania J. Science 44(3):72-92),"Meru, Arusha Region",Seela Sing'isi - Sing'isi,Seti,Spring,-3.36529,36.79794,1.6,,185,83.25,YES,NO,Elevation: 1295m,January-February 2015,2015,short_dry,66.80241919,AFR9077,vi,intermediate_volcanic_rocks,vi____,,,,,,4518.841238
MB18-140,Mbabaye et al. 2018 (Tanzania J. Science 44(3):72-92),"Meru, Arusha Region",Seela Sing'isi - Sing'isi,Kimafie,Spring,-3.36452,36.79818,1.3,,178,80.1,NO,NO,Elevation: 1281m,January-February 2015,2015,short_dry,66.80241919,AFR9077,vi,intermediate_volcanic_rocks,vi____,,,,,,4436.135271
MB18-141,Mbabaye et al. 2018 (Tanzania J. Science 44(3):72-92),"Meru, Arusha Region",Seela Sing'isi - Sing'isi,Tito,Spring,-3.36634,36.79798,1.2,,190,85.5,NO,NO,Elevation: 1285m,January-February 2015,2015,short_dry,66.80241919,AFR9077,vi,intermediate_volcanic_rocks,vi____,,,,,,4606.455006
MB18-142,Mbabaye et al. 2018 (Tanzania J. Science 44(3):72-92),"Meru, Arusha Region",Seela Sing'isi - Sing'isi,Metengoi,Spring,-3.37074,36.79625,1.3,,207,93.15,NO,NO,Elevation: 1271m,January-February 2015,2015,short_dry,66.80241919,AFR9077,vi,intermediate_volcanic_rocks,vi____,,,,,,4333.649272
MB18-143,Mbabaye et al. 2018 (Tanzania J. Science 44(3):72-92),"Meru, Arusha Region",Songoro - Songoro,Rest House Arusha NP,River,-3.24957,36.84855,19.4,,1545,,YES,YES,Elevation: 1698m,January-February 2015,2015,short_dry,111.7688522,AFR9077,vi,intermediate_volcanic_rocks,vi____,,,,,,9731.538716
MB18-144,Mbabaye et al. 2018 (Tanzania J. Science 44(3):72-92),"Meru, Arusha Region",Usa River - Magadilisha 1,Chemchem 1,Spring,-3.35355,36.8561,1.2,,249,136.95,NO,NO,Elevation: 1222m,January-February 2015,2015,short_dry,66.46977615,AFR9077,vi,intermediate_volcanic_rocks,vi____,,,,,,2252.549697
MB18-145,Mbabaye et al. 2018 (Tanzania J. Science 44(3):72-92),"Meru, Arusha Region",Usa River - Magadilisha 2,Chemchem 2,Spring,-3.35355,36.85355,1.3,,246,135.3,NO,NO,Elevation: 1224m,January-February 2015,2015,short_dry,66.46977615,AFR9077,vi,intermediate_volcanic_rocks,vi____,,,,,,2528.958971
MB18-146,Mbabaye et al. 2018 (Tanzania J. Science 44(3):72-92),"Meru, Arusha Region",Usa River - Magadilisha 3,Chemchem 3,Spring,-3.35474,36.85498,1.2,,246,135.3,NO,NO,Elevation: 1215m,January-February 2015,2015,short_dry,66.46977615,AFR9077,vi,intermediate_volcanic_rocks,vi____,,,,,,2407.428476
BY23-01,"Banyikwa 2023 (Scientific African 21, e01783, DOI: 10.1016/j.sciaf.2023.e01783)","Chemba, Dodoma Region",Chemba,Chemba district summary (26 samples),District aggregate (borehole/deep well),-4.98,35.99,0.87,,,,PARTIAL,YES,DISTRICT AGGREGATE - n=26 samples | F range: 0.11-7.3 mg/L | Mean±SD: 0.87±1.67 | 7.69% above WHO limit | Individual GPS: email andrew.banyikwa@udom.ac.tz,January-February 2015,2015,short_dry,107.3635912,AFR7274,mt,metamorphic_rocks,mt____,,,,,,5352.644103
BY23-02,"Banyikwa 2023 (Scientific African 21, e01783, DOI: 10.1016/j.sciaf.2023.e01783)","Kondoa, Dodoma Region",Kondoa,Kondoa district summary (23 samples),District aggregate (borehole/deep well),-4.9,35.78,0.48,,,,NO,NO,DISTRICT AGGREGATE - n=23 samples | F range: 0.11-0.9 mg/L | Mean±SD: 0.48±0.21 | 0.0% above WHO limit | Individual GPS: email andrew.banyikwa@udom.ac.tz,January-February 2015,2015,short_dry,130.7382584,AFR7274,mt,metamorphic_rocks,mt____,,,,,,6434.725581
BY23-03,"Banyikwa 2023 (Scientific African 21, e01783, DOI: 10.1016/j.sciaf.2023.e01783)","Kongwa, Dodoma Region",Kongwa,Kongwa district summary (19 samples),District aggregate (borehole/deep well),-6.2,36.42,0.46,,,,NO,NO,DISTRICT AGGREGATE - n=19 samples | F range: 0.17-0.89 mg/L | Mean±SD: 0.46±0.25 | 0.0% above WHO limit | Individual GPS: email andrew.banyikwa@udom.ac.tz,January-February 2015,2015,short_dry,165.3817639,AFR7274,mt,metamorphic_rocks,mt____,,,,,,8472.297141
BY23-04,"Banyikwa 2023 (Scientific African 21, e01783, DOI: 10.1016/j.sciaf.2023.e01783)","Chamwino, Dodoma Region",Chamwino,Chamwino district summary (46 samples),District aggregate (borehole/deep well),-6.15,35.55,0.59,,,,NO,NO,DISTRICT AGGREGATE - n=46 samples | F range: 0.06-1.01 mg/L | Mean±SD: 0.59±0.2 | 0.0% above WHO limit | Individual GPS: email andrew.banyikwa@udom.ac.tz,January-February 2015,2015,short_dry,185.5747819,AFR7274,mt,metamorphic_rocks,mt____,,,,,,27520.41435
BY23-05,"Banyikwa 2023 (Scientific African 21, e01783, DOI: 10.1016/j.sciaf.2023.e01783)","Mpwapwa, Dodoma Region",Mpwapwa,Mpwapwa district summary (15 samples),District aggregate (borehole/deep well),-6.35,36.49,0.36,,,,NO,NO,DISTRICT AGGREGATE - n=15 samples | F range: 0.06-0.8 mg/L | Mean±SD: 0.36±0.23 | 0.0% above WHO limit | Individual GPS: email andrew.banyikwa@udom.ac.tz,January-February 2015,2015,short_dry,198.3944516,AFR7274,mt,metamorphic_rocks,mt____,,,,,,4951.186133
BY23-06,"Banyikwa 2023 (Scientific African 21, e01783, DOI: 10.1016/j.sciaf.2023.e01783)","Dodoma Urban, Dodoma Region",Dodoma Urban,Dodoma Urban district summary (26 samples),District aggregate (borehole/deep well),-6.173,35.739,0.64,,,,NO,NO,DISTRICT AGGREGATE - n=26 samples | F range: 0.22-1.02 mg/L | Mean±SD: 0.64±0.38 | 0.0% above WHO limit | Individual GPS: email andrew.banyikwa@udom.ac.tz,January-February 2015,2015,short_dry,209.2075384,AFR7274,mt,metamorphic_rocks,mt____,,,,,,23953.74426
